CREATE DATABASE  IF NOT EXISTS `rwbbc_data` /*!40100 DEFAULT CHARACTER SET latin1 */;
USE `rwbbc_data`;
-- MySQL dump 10.13  Distrib 8.0.20, for Win64 (x86_64)
--
-- Host: 159.89.42.227    Database: rwbbc_data
-- ------------------------------------------------------
-- Server version	5.7.21

/*!40101 SET @OLD_CHARACTER_SET_CLIENT=@@CHARACTER_SET_CLIENT */;
/*!40101 SET @OLD_CHARACTER_SET_RESULTS=@@CHARACTER_SET_RESULTS */;
/*!40101 SET @OLD_COLLATION_CONNECTION=@@COLLATION_CONNECTION */;
/*!50503 SET NAMES utf8 */;
/*!40103 SET @OLD_TIME_ZONE=@@TIME_ZONE */;
/*!40103 SET TIME_ZONE='+00:00' */;
/*!40014 SET @OLD_UNIQUE_CHECKS=@@UNIQUE_CHECKS, UNIQUE_CHECKS=0 */;
/*!40014 SET @OLD_FOREIGN_KEY_CHECKS=@@FOREIGN_KEY_CHECKS, FOREIGN_KEY_CHECKS=0 */;
/*!40101 SET @OLD_SQL_MODE=@@SQL_MODE, SQL_MODE='NO_AUTO_VALUE_ON_ZERO' */;
/*!40111 SET @OLD_SQL_NOTES=@@SQL_NOTES, SQL_NOTES=0 */;

--
-- Table structure for table `beer_takeout_options`
--

DROP TABLE IF EXISTS `beer_takeout_options`;
/*!40101 SET @saved_cs_client     = @@character_set_client */;
/*!50503 SET character_set_client = utf8mb4 */;
CREATE TABLE `beer_takeout_options` (
  `id` int(11) NOT NULL AUTO_INCREMENT,
  `beer_id` int(10) unsigned NOT NULL,
  `takeout_option_id` int(11) NOT NULL,
  PRIMARY KEY (`id`),
  UNIQUE KEY `beer_id_takeout_option_id` (`beer_id`,`takeout_option_id`)
) ENGINE=InnoDB AUTO_INCREMENT=84 DEFAULT CHARSET=latin1;
/*!40101 SET character_set_client = @saved_cs_client */;

--
-- Dumping data for table `beer_takeout_options`
--

LOCK TABLES `beer_takeout_options` WRITE;
/*!40000 ALTER TABLE `beer_takeout_options` DISABLE KEYS */;
INSERT INTO `beer_takeout_options` VALUES (1,1,1),(2,1,2),(3,2,1),(4,2,2),(5,3,1),(6,3,2),(7,4,1),(8,4,2),(9,5,1),(10,5,2),(11,6,1),(12,6,2),(15,8,1),(16,8,2),(17,9,1),(18,9,2),(19,10,1),(20,10,2),(21,11,1),(22,11,2),(23,12,1),(24,12,2),(25,13,1),(26,13,2),(27,14,1),(28,14,2),(29,15,1),(30,15,2),(31,16,1),(32,16,2),(33,17,1),(34,17,2),(35,18,1),(36,18,2),(37,19,1),(38,19,2),(39,20,1),(40,20,2),(41,21,1),(42,21,2),(43,22,1),(44,22,2),(45,23,1),(46,23,2),(47,24,1),(48,24,2),(49,25,1),(50,25,2),(51,26,1),(52,26,2),(64,27,2),(65,27,3),(53,28,1),(54,28,2),(66,29,2),(67,29,3),(55,30,1),(56,30,2),(71,31,1),(72,31,2),(73,32,1),(74,32,2),(75,33,2),(76,34,1),(77,34,2),(78,35,1),(79,35,2),(80,38,1),(81,38,2),(82,39,1),(83,39,2);
/*!40000 ALTER TABLE `beer_takeout_options` ENABLE KEYS */;
UNLOCK TABLES;

--
-- Table structure for table `chemicals`
--

DROP TABLE IF EXISTS `chemicals`;
/*!40101 SET @saved_cs_client     = @@character_set_client */;
/*!50503 SET character_set_client = utf8mb4 */;
CREATE TABLE `chemicals` (
  `Id` int(11) NOT NULL AUTO_INCREMENT,
  `Name` varchar(45) NOT NULL,
  `Usage` varchar(45) DEFAULT NULL,
  `ChemicalType` varchar(50) DEFAULT NULL,
  PRIMARY KEY (`Id`),
  UNIQUE KEY `Name` (`Name`)
) ENGINE=InnoDB AUTO_INCREMENT=9 DEFAULT CHARSET=latin1;
/*!40101 SET character_set_client = @saved_cs_client */;

--
-- Dumping data for table `chemicals`
--

LOCK TABLES `chemicals` WRITE;
/*!40000 ALTER TABLE `chemicals` DISABLE KEYS */;
INSERT INTO `chemicals` VALUES (1,'PBW','WASH','CAUSTIC'),(2,'ACID 6','WASH','ACID'),(3,'STAR-SAN','SANITIZE','ACID'),(4,'PAA','SANITIZE','ACID'),(5,'BAR-KEEPER\'S FRIEND','PASSIVATE/WASH','ACID'),(6,'DOG PISS','DONT','PISS'),(7,'ACID 9030','WASH','ACID'),(8,'CAU 8000','WASH','CAUSTIC');
/*!40000 ALTER TABLE `chemicals` ENABLE KEYS */;
UNLOCK TABLES;

--
-- Table structure for table `cocktail_bases`
--

DROP TABLE IF EXISTS `cocktail_bases`;
/*!40101 SET @saved_cs_client     = @@character_set_client */;
/*!50503 SET character_set_client = utf8mb4 */;
CREATE TABLE `cocktail_bases` (
  `cocktail_base_id` int(11) NOT NULL AUTO_INCREMENT,
  `beer_id` int(11) NOT NULL,
  `cocktail_id` int(11) NOT NULL,
  PRIMARY KEY (`cocktail_base_id`) USING BTREE,
  KEY `fk_beer_treat_id_idx` (`cocktail_id`) USING BTREE
) ENGINE=InnoDB AUTO_INCREMENT=52 DEFAULT CHARSET=latin1;
/*!40101 SET character_set_client = @saved_cs_client */;

--
-- Dumping data for table `cocktail_bases`
--

LOCK TABLES `cocktail_bases` WRITE;
/*!40000 ALTER TABLE `cocktail_bases` DISABLE KEYS */;
INSERT INTO `cocktail_bases` VALUES (2,3,1),(3,8,1),(4,3,2),(5,8,2),(6,3,3),(7,8,3),(8,3,4),(9,8,4),(17,28,5),(20,8,6),(21,26,7),(22,26,8),(23,8,7),(24,8,8),(25,35,9),(26,35,10),(27,8,9),(28,8,10),(29,35,11),(30,8,11),(31,35,12),(32,35,13),(33,8,12),(34,8,13),(35,8,14),(36,35,14),(37,16,1),(38,16,2),(39,16,3),(40,16,4),(41,16,6),(42,16,7),(43,16,8),(44,16,9),(45,16,10),(46,16,11),(47,16,12),(48,16,13),(49,16,14);
/*!40000 ALTER TABLE `cocktail_bases` ENABLE KEYS */;
UNLOCK TABLES;

--
-- Table structure for table `cocktails`
--

DROP TABLE IF EXISTS `cocktails`;
/*!40101 SET @saved_cs_client     = @@character_set_client */;
/*!50503 SET character_set_client = utf8mb4 */;
CREATE TABLE `cocktails` (
  `id` int(11) NOT NULL AUTO_INCREMENT,
  `name` varchar(45) NOT NULL,
  `description` varchar(300) NOT NULL,
  `is_on_tap` tinyint(4) NOT NULL DEFAULT '0',
  `type` varchar(20) NOT NULL DEFAULT 'SHANDY',
  `seasons` varchar(4) NOT NULL DEFAULT '0000' COMMENT '4 digit bit-string representing winter/spring/summer/fall. Example: 1001 = available winter and fall; 0110 avail spring and summer; 1111 avail all seasons',
  PRIMARY KEY (`id`) USING BTREE
) ENGINE=InnoDB AUTO_INCREMENT=15 DEFAULT CHARSET=latin1;
/*!40101 SET character_set_client = @saved_cs_client */;

--
-- Dumping data for table `cocktails`
--

LOCK TABLES `cocktails` WRITE;
/*!40000 ALTER TABLE `cocktails` DISABLE KEYS */;
INSERT INTO `cocktails` VALUES (1,'Apple Pie','crisp Apple Cider and a Brown Sugar Cinnamon syrup',1,'TREAT','1001'),(2,'Pumpkin Spice','a sweet and warm Pumpkin Spice syrup',1,'TREAT','1001'),(3,'Apple Cranberry','a blend of crisp Apple Cider and Cranberry Juice',0,'TREAT','1001'),(4,'Salted Caramel Apple','crisp Apple Cider with a delicious Salted Caramel syrup',0,'TREAT','1001'),(5,'Peppermint Mocha','Peppermint syrup. A winter holiday classic.',0,'TREAT','1001'),(6,'Gritty Sunrise','a delicious blend of Orange and Grapefruit Juices with a sweet Cherry syrup sunrise. Go Flyers!',0,'SHANDY','0110'),(7,'Love you (Rasp)berry much!','high-quality Raspberry Syrup and served with a fresh raspberry garnish',0,'TREAT','1000'),(8,'Bitter Ex-Boyfriend','Organic Black Cherry Juice and garnished with a slice of fresh Blood Orange',0,'TREAT','1000'),(9,'Limeade','fresh limeade and served with a lime wedge',0,'SHANDY','0110'),(10,'Raspberry Limeade','fresh limeade, raspberry syrup, and garnished with a lime wedge',0,'SHANDY','0110'),(11,'Black Like My Heart','fresh black cherry juice. Enjoy it or don\'t, I don\'t care.',0,'SHANDY','0110'),(12,'Blueberry Lemonade','a mix of blueberry concentrate and lemonade',0,'SHANDY','0110'),(13,'Lemonade','fresh lemonade',0,'SHANDY','0110'),(14,'Raspberry Lemonade','fresh raspberry lemonade mix',0,'SHANDY','0110');
/*!40000 ALTER TABLE `cocktails` ENABLE KEYS */;
UNLOCK TABLES;

--
-- Table structure for table `grain`
--

DROP TABLE IF EXISTS `grain`;
/*!40101 SET @saved_cs_client     = @@character_set_client */;
/*!50503 SET character_set_client = utf8mb4 */;
CREATE TABLE `grain` (
  `Id` int(11) NOT NULL AUTO_INCREMENT,
  `Name` varchar(45) NOT NULL,
  `SRM` int(11) NOT NULL,
  `Amount` decimal(10,0) NOT NULL,
  `FK_Unit` int(11) NOT NULL,
  `Brand` varchar(45) DEFAULT NULL,
  `CreatedBy` varchar(45) NOT NULL,
  `CreatedDate` date NOT NULL,
  `UpdatedBy` varchar(45) NOT NULL,
  `UpdatedDate` date NOT NULL,
  `RepurchaseThreshold` decimal(10,0) NOT NULL,
  `MfrLotNumber` varchar(45) NOT NULL DEFAULT 'UNKNOWN',
  PRIMARY KEY (`Id`)
) ENGINE=InnoDB DEFAULT CHARSET=latin1;
/*!40101 SET character_set_client = @saved_cs_client */;

--
-- Dumping data for table `grain`
--

LOCK TABLES `grain` WRITE;
/*!40000 ALTER TABLE `grain` DISABLE KEYS */;
/*!40000 ALTER TABLE `grain` ENABLE KEYS */;
UNLOCK TABLES;

--
-- Table structure for table `hops`
--

DROP TABLE IF EXISTS `hops`;
/*!40101 SET @saved_cs_client     = @@character_set_client */;
/*!50503 SET character_set_client = utf8mb4 */;
CREATE TABLE `hops` (
  `Id` int(11) NOT NULL AUTO_INCREMENT,
  `Name` varchar(45) NOT NULL,
  `Amount` decimal(10,0) NOT NULL,
  `FK_Unit` int(11) NOT NULL,
  `Brand` varchar(45) DEFAULT NULL,
  `CreatedBy` varchar(45) NOT NULL,
  `CreatedDate` date NOT NULL,
  `UpdatedBy` varchar(45) NOT NULL,
  `UpdatedDate` date NOT NULL,
  PRIMARY KEY (`Id`)
) ENGINE=InnoDB DEFAULT CHARSET=latin1;
/*!40101 SET character_set_client = @saved_cs_client */;

--
-- Dumping data for table `hops`
--

LOCK TABLES `hops` WRITE;
/*!40000 ALTER TABLE `hops` DISABLE KEYS */;
/*!40000 ALTER TABLE `hops` ENABLE KEYS */;
UNLOCK TABLES;

--
-- Table structure for table `keg_breakdown_history`
--

DROP TABLE IF EXISTS `keg_breakdown_history`;
/*!40101 SET @saved_cs_client     = @@character_set_client */;
/*!50503 SET character_set_client = utf8mb4 */;
CREATE TABLE `keg_breakdown_history` (
  `Id` int(11) NOT NULL AUTO_INCREMENT,
  `FK_RWBId` varchar(50) NOT NULL,
  `BreakdownDate` datetime NOT NULL,
  PRIMARY KEY (`Id`),
  KEY `FK_Breakdown_RWBId` (`FK_RWBId`),
  CONSTRAINT `FK_Breakdown_RWBId` FOREIGN KEY (`FK_RWBId`) REFERENCES `keg_info` (`RWBId`) ON DELETE NO ACTION ON UPDATE NO ACTION
) ENGINE=InnoDB AUTO_INCREMENT=90 DEFAULT CHARSET=latin1;
/*!40101 SET character_set_client = @saved_cs_client */;

--
-- Dumping data for table `keg_breakdown_history`
--

LOCK TABLES `keg_breakdown_history` WRITE;
/*!40000 ALTER TABLE `keg_breakdown_history` DISABLE KEYS */;
INSERT INTO `keg_breakdown_history` VALUES (1,'RWB-2-036','2021-01-21 00:00:00'),(2,'RWB-2-034','2021-01-21 00:00:00'),(3,'RWB-2-058','2021-01-30 00:00:00'),(4,'RWB-2-061','2021-01-30 00:00:00'),(5,'RWB-2-035','2021-01-30 00:00:00'),(6,'RWB-2-042','2021-01-30 00:00:00'),(7,'RWB-2-031','2021-01-30 00:00:00'),(8,'RWB-2-019','2021-01-30 00:00:00'),(9,'RWB-2-036','2021-01-30 00:00:00'),(10,'RWB-2-023','2021-01-30 00:00:00'),(11,'RWB-2-008','2021-01-30 00:00:00'),(12,'RWB-2-062','2021-01-30 00:00:00'),(13,'RWB-2-043','2021-01-30 00:00:00'),(14,'RWB-4-001','2021-01-30 00:00:00'),(15,'RWB-2-041','2021-01-30 00:00:00'),(16,'RWB-2-050','2021-01-30 00:00:00'),(17,'RWB-2-067','2021-01-30 00:00:00'),(18,'RWB-2-037','2021-01-30 00:00:00'),(19,'RWB-6-015','2021-01-30 00:00:00'),(20,'RWB-2-066','2021-01-30 00:00:00'),(21,'RWB-2-057','2021-01-30 00:00:00'),(22,'RWB-2-006','2021-01-30 00:00:00'),(23,'RWB-2-025','2021-01-30 00:00:00'),(24,'RWB-2-026','2021-01-30 00:00:00'),(25,'RWB-2-038','2021-01-30 00:00:00'),(26,'RWB-2-063','2021-01-30 00:00:00'),(27,'RWB-2-030','2021-01-30 00:00:00'),(28,'RWB-2-060','2021-01-30 00:00:00'),(29,'RWB-2-011','2021-01-30 00:00:00'),(30,'RWB-2-017','2021-01-30 00:00:00'),(31,'RWB-2-021','2021-01-30 00:00:00'),(32,'RWB-2-010','2021-01-30 00:00:00'),(33,'RWB-2-016','2021-01-30 00:00:00'),(34,'RWB-2-056','2021-02-06 00:00:00'),(35,'RWB-2-053','2021-02-06 00:00:00'),(36,'RWB-2-033','2021-02-06 00:00:00'),(37,'RWB-2-052','2021-02-06 00:00:00'),(38,'RWB-2-065','2021-02-06 00:00:00'),(39,'RWB-2-024','2021-02-14 00:00:00'),(40,'RWB-2-009','2021-02-14 00:00:00'),(41,'RWB-2-055','2021-02-14 00:00:00'),(42,'RWB-2-054','2021-02-14 00:00:00'),(43,'RWB-6-021','2021-02-14 00:00:00'),(44,'RWB-6-003','2021-02-14 00:00:00'),(45,'RWB-6-002','2021-02-14 00:00:00'),(46,'RWB-2-014','2021-03-07 00:00:00'),(47,'RWB-2-028','2021-03-07 00:00:00'),(48,'RWB-2-007','2021-03-07 00:00:00'),(49,'RWB-6-012','2021-03-07 00:00:00'),(50,'RWB-6-016','2021-03-07 00:00:00'),(51,'RWB-6-014','2021-03-07 00:00:00'),(52,'RWB-2-018','2021-03-15 00:00:00'),(53,'RWB-2-027','2021-03-15 00:00:00'),(54,'RWB-2-015','2021-03-16 00:00:00'),(55,'RWB-2-049','2021-03-16 00:00:00'),(56,'RWB-2-059','2021-03-16 00:00:00'),(57,'RWB-6-001','2021-03-23 00:00:00'),(58,'RWB-6-017','2021-03-23 00:00:00'),(59,'RWB-2-001','2021-03-23 00:00:00'),(60,'RWB-2-002','2021-03-23 00:00:00'),(61,'RWB-2-004','2021-03-23 00:00:00'),(62,'RWB-2-013','2021-03-23 00:00:00'),(63,'RWB-2-046','2021-03-23 00:00:00'),(64,'RWB-2-047','2021-03-23 00:00:00'),(65,'RWB-2-048','2021-03-23 00:00:00'),(66,'RWB-2-064','2021-03-23 00:00:00'),(67,'RWB-4-001','2021-03-23 00:00:00'),(68,'RWB-2-044','2021-03-25 00:00:00'),(69,'RWB-2-022','2021-03-25 00:00:00'),(70,'RWB-2-031','2021-03-25 00:00:00'),(71,'RWB-2-045','2021-03-29 00:00:00'),(72,'RWB-2-029','2021-03-29 00:00:00'),(73,'RWB-6-018','2021-04-06 00:00:00'),(74,'RWB-6-019','2021-04-06 00:00:00'),(75,'RWB-6-005','2021-04-06 00:00:00'),(76,'RWB-2-012','2021-04-10 00:00:00'),(77,'RWB-2-040','2021-04-10 00:00:00'),(78,'RWB-6-011','2021-04-10 00:00:00'),(79,'RWB-6-006','2021-04-24 00:00:00'),(80,'RWB-6-008','2021-05-09 00:00:00'),(81,'RWB-6-020','2021-05-09 00:00:00'),(82,'RWB-6-009','2021-05-09 00:00:00'),(83,'RWB-2-003','2021-05-09 00:00:00'),(84,'RWB-6-007','2021-05-14 00:00:00'),(85,'RWB-6-010','2021-05-14 00:00:00'),(86,'RWB-2-005','2021-05-14 00:00:00'),(87,'RWB-6-004','2021-05-27 00:00:00'),(88,'RWB-2-032','2021-05-27 00:00:00'),(89,'RWB-2-051','2021-05-29 00:00:00');
/*!40000 ALTER TABLE `keg_breakdown_history` ENABLE KEYS */;
UNLOCK TABLES;

--
-- Table structure for table `keg_fill_history`
--

DROP TABLE IF EXISTS `keg_fill_history`;
/*!40101 SET @saved_cs_client     = @@character_set_client */;
/*!50503 SET character_set_client = utf8mb4 */;
CREATE TABLE `keg_fill_history` (
  `Id` int(11) NOT NULL AUTO_INCREMENT,
  `FK_RWBId` varchar(45) NOT NULL,
  `FillDate` datetime DEFAULT NULL,
  `FK_BeerId` int(11) NOT NULL,
  `Gallons` decimal(8,2) DEFAULT '0.00',
  PRIMARY KEY (`Id`),
  KEY `FK_KegFill_RWBId` (`FK_RWBId`),
  CONSTRAINT `FK_KegFill_RWBId` FOREIGN KEY (`FK_RWBId`) REFERENCES `keg_info` (`RWBId`) ON DELETE NO ACTION ON UPDATE NO ACTION
) ENGINE=InnoDB AUTO_INCREMENT=1278 DEFAULT CHARSET=latin1;
/*!40101 SET character_set_client = @saved_cs_client */;

--
-- Dumping data for table `keg_fill_history`
--

LOCK TABLES `keg_fill_history` WRITE;
/*!40000 ALTER TABLE `keg_fill_history` DISABLE KEYS */;
INSERT INTO `keg_fill_history` VALUES (786,'RWB-6-001','2020-08-10 00:00:00',1,5.16),(787,'RWB-6-004','2020-08-10 00:00:00',1,5.16),(788,'RWB-6-007','2020-08-10 00:00:00',1,5.16),(789,'RWB-6-017','2020-08-19 00:00:00',18,5.16),(790,'RWB-2-002','2020-08-23 00:00:00',16,15.50),(791,'RWB-6-010','2020-08-30 00:00:00',8,5.16),(792,'RWB-2-005','2020-09-05 00:00:00',2,15.50),(793,'RWB-2-009','2020-09-05 00:00:00',2,15.50),(794,'RWB-2-011','2020-09-05 00:00:00',2,15.50),(795,'RWB-2-042','2020-09-05 00:00:00',2,15.50),(796,'RWB-2-043','2020-09-05 00:00:00',2,10.00),(797,'RWB-6-003','2020-09-05 00:00:00',2,5.16),(798,'RWB-6-008','2020-09-05 00:00:00',2,5.16),(799,'RWB-6-009','2020-09-05 00:00:00',2,5.16),(800,'RWB-2-018','2020-09-11 00:00:00',4,15.50),(801,'RWB-6-012','2020-09-11 00:00:00',4,5.16),(802,'RWB-6-014','2020-09-11 00:00:00',4,5.16),(803,'RWB-6-015','2020-09-11 00:00:00',4,5.16),(804,'RWB-2-013','2020-09-17 00:00:00',19,15.50),(805,'RWB-2-015','2020-09-17 00:00:00',19,15.50),(806,'RWB-2-048','2020-09-17 00:00:00',19,15.50),(807,'RWB-2-049','2020-09-17 00:00:00',19,15.50),(808,'RWB-6-002','2020-09-17 00:00:00',19,5.16),(809,'RWB-6-013','2020-09-17 00:00:00',19,5.16),(810,'RWB-2-016','2020-09-25 00:00:00',20,15.50),(811,'RWB-2-047','2020-09-25 00:00:00',20,15.50),(812,'RWB-2-050','2020-09-25 00:00:00',20,15.50),(813,'RWB-2-054','2020-09-25 00:00:00',20,15.50),(814,'RWB-2-056','2020-09-25 00:00:00',20,15.50),(815,'RWB-2-057','2020-09-25 00:00:00',20,10.00),(816,'RWB-2-021','2020-10-02 00:00:00',21,15.50),(817,'RWB-2-023','2020-10-02 00:00:00',21,15.50),(818,'RWB-2-024','2020-10-02 00:00:00',21,15.50),(819,'RWB-2-058','2020-10-02 00:00:00',21,15.50),(820,'RWB-2-059','2020-10-02 00:00:00',21,11.00),(821,'RWB-6-005','2020-10-02 00:00:00',21,5.16),(822,'RWB-6-019','2020-10-02 00:00:00',21,5.16),(823,'RWB-6-020','2020-10-02 00:00:00',21,5.16),(824,'RWB-2-002','2020-10-14 00:00:00',1,15.50),(825,'RWB-2-008','2020-10-14 00:00:00',1,15.50),(826,'RWB-2-022','2020-10-14 00:00:00',1,15.50),(827,'RWB-2-051','2020-10-14 00:00:00',1,15.50),(828,'RWB-2-055','2020-10-14 00:00:00',1,8.00),(829,'RWB-6-016','2020-10-14 00:00:00',1,5.16),(830,'RWB-6-001','2020-10-14 00:00:00',1,5.16),(831,'RWB-2-010','2020-10-20 00:00:00',23,15.50),(832,'RWB-2-055','2020-10-20 00:00:00',23,15.50),(833,'RWB-2-020','2020-10-20 00:00:00',23,15.50),(834,'RWB-2-025','2020-10-20 00:00:00',23,15.50),(835,'RWB-2-061','2020-10-20 00:00:00',23,8.00),(836,'RWB-2-003','2020-11-02 00:00:00',8,15.50),(837,'RWB-2-004','2020-11-02 00:00:00',8,15.50),(838,'RWB-2-023','2020-11-02 00:00:00',8,15.50),(839,'RWB-2-052','2020-11-02 00:00:00',8,15.50),(840,'RWB-6-018','2020-11-02 00:00:00',8,5.16),(841,'RWB-6-002','2020-11-02 00:00:00',8,5.16),(842,'RWB-6-020','2020-11-02 00:00:00',8,5.16),(843,'RWB-6-004','2020-11-12 00:00:00',24,5.16),(844,'RWB-6-007','2020-11-12 00:00:00',24,5.16),(845,'RWB-6-010','2020-11-12 00:00:00',24,5.16),(846,'RWB-6-014','2020-11-12 00:00:00',24,5.16),(847,'RWB-6-017','2020-11-12 00:00:00',24,5.16),(848,'RWB-6-019','2020-11-12 00:00:00',24,5.16),(849,'RWB-2-050','2020-11-13 00:00:00',24,15.50),(850,'RWB-2-026','2020-11-13 00:00:00',24,15.50),(851,'RWB-2-027','2020-11-13 00:00:00',24,15.50),(852,'RWB-2-060','2020-11-13 00:00:00',24,7.00),(853,'RWB-2-041','2020-11-21 00:00:00',27,15.50),(854,'RWB-2-044','2020-11-21 00:00:00',27,15.50),(855,'RWB-2-057','2020-11-21 00:00:00',27,15.50),(856,'RWB-2-028','2020-11-21 00:00:00',27,15.50),(857,'RWB-2-029','2020-11-21 00:00:00',27,15.50),(858,'RWB-4-001','2020-11-21 00:00:00',27,7.75),(859,'RWB-2-014','2020-11-27 00:00:00',29,15.50),(860,'RWB-2-025','2020-11-27 00:00:00',29,15.50),(861,'RWB-2-045','2020-11-27 00:00:00',29,15.50),(862,'RWB-2-048','2020-11-27 00:00:00',29,15.50),(863,'RWB-2-032','2020-11-27 00:00:00',29,15.50),(864,'RWB-2-033','2020-11-27 00:00:00',29,15.50),(865,'RWB-2-001','2020-12-06 00:00:00',28,15.50),(866,'RWB-2-021','2020-12-06 00:00:00',28,15.50),(867,'RWB-2-056','2020-12-06 00:00:00',28,15.50),(868,'RWB-2-062','2020-12-06 00:00:00',28,15.50),(869,'RWB-2-063','2020-12-06 00:00:00',28,15.50),(870,'RWB-2-064','2020-12-06 00:00:00',28,10.00),(871,'RWB-2-017','2020-12-12 00:00:00',3,15.50),(872,'RWB-2-054','2020-12-12 00:00:00',3,15.50),(873,'RWB-2-059','2020-12-12 00:00:00',3,15.50),(874,'RWB-2-030','2020-12-12 00:00:00',3,15.50),(875,'RWB-2-031','2020-12-12 00:00:00',3,10.00),(876,'RWB-6-005','2020-12-12 00:00:00',3,5.16),(877,'RWB-6-004','2020-12-12 00:00:00',3,5.16),(878,'RWB-6-014','2020-12-12 00:00:00',3,5.16),(879,'RWB-2-013','2020-12-17 00:00:00',4,15.50),(880,'RWB-2-015','2020-12-17 00:00:00',4,15.50),(881,'RWB-2-024','2020-12-17 00:00:00',4,15.50),(882,'RWB-2-040','2020-12-17 00:00:00',4,15.50),(883,'RWB-2-047','2020-12-17 00:00:00',4,15.50),(884,'RWB-4-001','2020-12-17 00:00:00',4,5.00),(885,'RWB-6-021','2020-12-17 00:00:00',4,5.16),(886,'RWB-2-055','2020-12-23 00:00:00',1,15.50),(887,'RWB-2-007','2020-12-23 00:00:00',1,15.50),(888,'RWB-2-016','2020-12-23 00:00:00',1,15.50),(889,'RWB-2-018','2020-12-23 00:00:00',1,15.50),(890,'RWB-2-053','2020-12-23 00:00:00',1,10.00),(891,'RWB-6-008','2020-12-23 00:00:00',1,5.16),(892,'RWB-6-017','2020-12-23 00:00:00',1,5.16),(893,'RWB-6-019','2020-12-23 00:00:00',1,5.16),(894,'RWB-2-019','2020-12-29 00:00:00',8,15.50),(895,'RWB-2-027','2020-12-29 00:00:00',8,15.50),(896,'RWB-2-049','2020-12-29 00:00:00',8,15.50),(897,'RWB-2-052','2020-12-29 00:00:00',8,15.50),(898,'RWB-2-058','2020-12-29 00:00:00',8,15.50),(899,'RWB-6-006','2020-12-29 00:00:00',8,5.16),(900,'RWB-6-015','2020-12-29 00:00:00',8,5.16),(901,'RWB-6-001','2020-12-29 00:00:00',8,2.00),(902,'RWB-2-048','2021-01-02 00:00:00',26,15.50),(903,'RWB-2-050','2021-01-02 00:00:00',26,15.50),(904,'RWB-2-012','2021-01-02 00:00:00',26,15.50),(905,'RWB-2-022','2021-01-02 00:00:00',26,15.50),(906,'RWB-2-051','2021-01-02 00:00:00',26,15.50),(907,'RWB-2-065','2021-01-02 00:00:00',26,15.50),(908,'RWB-2-001','2021-01-11 00:00:00',10,15.50),(909,'RWB-2-003','2021-01-11 00:00:00',10,15.50),(910,'RWB-2-057','2021-01-11 00:00:00',10,15.50),(911,'RWB-2-035','2021-01-11 00:00:00',10,15.50),(912,'RWB-2-046','2021-01-11 00:00:00',10,10.00),(913,'RWB-6-003','2021-01-11 00:00:00',10,5.16),(914,'RWB-6-011','2021-01-11 00:00:00',10,5.16),(915,'RWB-6-010','2021-01-11 00:00:00',10,5.16),(916,'RWB-2-049','2021-01-24 00:00:00',31,15.50),(917,'RWB-2-053','2021-01-24 00:00:00',31,10.00),(918,'RWB-2-029','2021-01-24 00:00:00',31,15.50),(919,'RWB-2-007','2021-01-24 00:00:00',31,15.50),(920,'RWB-2-032','2021-01-24 00:00:00',31,15.50),(921,'RWB-2-040','2021-01-24 00:00:00',31,15.50),(922,'RWB-2-002','2021-02-10 00:00:00',1,15.50),(923,'RWB-2-041','2021-02-10 00:00:00',1,15.50),(924,'RWB-2-062','2021-02-10 00:00:00',1,15.50),(925,'RWB-2-004','2021-02-10 00:00:00',1,15.50),(926,'RWB-2-067','2021-02-10 00:00:00',1,7.00),(927,'RWB-6-015','2021-02-10 00:00:00',1,5.16),(928,'RWB-6-017','2021-02-10 00:00:00',1,5.16),(929,'RWB-6-020','2021-02-10 00:00:00',1,5.16),(930,'RWB-2-045','2021-02-12 00:00:00',32,15.50),(931,'RWB-2-046','2021-02-12 00:00:00',32,15.50),(932,'RWB-2-044','2021-02-12 00:00:00',32,15.50),(933,'RWB-2-064','2021-02-12 00:00:00',32,15.50),(934,'RWB-6-003','2021-02-12 00:00:00',32,5.16),(935,'RWB-6-008','2021-02-12 00:00:00',32,5.16),(936,'RWB-6-019','2021-02-12 00:00:00',32,5.16),(937,'RWB-4-001','2021-02-12 00:00:00',32,7.75),(938,'RWB-6-021','2021-02-12 00:00:00',32,2.00),(939,'RWB-2-023','2021-02-18 00:00:00',8,15.50),(940,'RWB-2-008','2021-02-18 00:00:00',8,15.50),(941,'RWB-2-037','2021-02-18 00:00:00',8,15.50),(942,'RWB-2-043','2021-02-18 00:00:00',8,15.50),(943,'RWB-2-050','2021-02-18 00:00:00',8,15.50),(944,'RWB-2-036','2021-02-18 00:00:00',8,8.00),(945,'RWB-2-016','2021-02-26 00:00:00',3,15.50),(946,'RWB-2-019','2021-02-26 00:00:00',3,15.50),(947,'RWB-2-031','2021-02-26 00:00:00',3,15.50),(948,'RWB-2-053','2021-02-26 00:00:00',3,15.50),(949,'RWB-2-056','2021-02-26 00:00:00',3,15.50),(950,'RWB-2-065','2021-02-26 00:00:00',3,8.00),(951,'RWB-2-063','2021-03-06 00:00:00',2,15.50),(952,'RWB-2-017','2021-03-06 00:00:00',2,15.50),(953,'RWB-6-002','2021-03-06 00:00:00',2,5.16),(954,'RWB-6-003','2021-03-06 00:00:00',2,5.16),(955,'RWB-2-038','2021-03-06 00:00:00',2,15.50),(956,'RWB-2-042','2021-03-06 00:00:00',2,15.50),(957,'RWB-2-021','2021-03-06 00:00:00',2,15.50),(958,'RWB-2-035','2021-03-09 00:00:00',35,15.50),(959,'RWB-2-061','2021-03-09 00:00:00',35,15.50),(960,'RWB-2-052','2021-03-09 00:00:00',35,15.50),(961,'RWB-2-010','2021-03-09 00:00:00',35,15.50),(962,'RWB-2-057','2021-03-09 00:00:00',35,15.50),(963,'RWB-2-006','2021-03-09 00:00:00',35,15.50),(964,'RWB-2-030','2021-03-13 00:00:00',34,15.50),(965,'RWB-2-024','2021-03-13 00:00:00',34,15.50),(966,'RWB-2-066','2021-03-13 00:00:00',34,15.50),(967,'RWB-2-026','2021-03-13 00:00:00',34,15.50),(968,'RWB-2-033','2021-03-13 00:00:00',34,15.50),(969,'RWB-2-025','2021-03-13 00:00:00',34,10.00),(970,'RWB-6-021','2021-03-29 00:00:00',36,5.16),(971,'RWB-2-054','2021-03-29 00:00:00',36,15.50),(972,'RWB-2-009','2021-03-29 00:00:00',36,15.50),(973,'RWB-2-011','2021-03-29 00:00:00',36,15.50),(974,'RWB-2-060','2021-03-29 00:00:00',36,15.50),(975,'RWB-2-014','2021-04-01 00:00:00',8,15.50),(976,'RWB-2-028','2021-04-01 00:00:00',8,15.50),(977,'RWB-2-058','2021-04-01 00:00:00',8,15.50),(978,'RWB-2-067','2021-04-01 00:00:00',8,15.50),(979,'RWB-2-007','2021-04-01 00:00:00',8,15.50),(980,'RWB-6-012','2021-04-01 00:00:00',8,5.16),(981,'RWB-6-014','2021-04-01 00:00:00',8,5.16),(982,'RWB-6-015','2021-04-01 00:00:00',8,5.16),(983,'RWB-2-003','2021-04-03 00:00:00',1,15.50),(984,'RWB-2-004','2021-04-03 00:00:00',1,15.50),(985,'RWB-2-016','2021-04-03 00:00:00',1,15.50),(986,'RWB-4-001','2021-04-03 00:00:00',1,5.00),(987,'RWB-6-002','2021-04-03 00:00:00',1,5.16),(988,'RWB-6-007','2021-04-03 00:00:00',1,5.16),(989,'RWB-6-011','2021-04-03 00:00:00',1,5.16),(990,'RWB-6-016','2021-04-03 00:00:00',1,5.16),(991,'RWB-2-036','2021-04-03 00:00:00',1,15.50),(992,'RWB-2-027','2021-04-06 00:00:00',4,15.50),(993,'RWB-2-059','2021-04-06 00:00:00',4,15.50),(994,'RWB-2-002','2021-04-06 00:00:00',4,15.50),(995,'RWB-2-064','2021-04-06 00:00:00',4,15.50),(996,'RWB-2-055','2021-04-06 00:00:00',4,14.00),(997,'RWB-6-010','2021-04-06 00:00:00',4,5.16),(998,'RWB-6-017','2021-04-06 00:00:00',4,5.16),(999,'RWB-2-044','2021-04-11 00:00:00',28,15.50),(1000,'RWB-2-001','2021-04-11 00:00:00',28,15.50),(1001,'RWB-2-026','2021-04-11 00:00:00',28,15.50),(1002,'RWB-2-049','2021-04-11 00:00:00',28,15.50),(1003,'RWB-6-001','2021-04-11 00:00:00',28,5.16),(1004,'RWB-6-018','2021-04-11 00:00:00',28,5.16),(1005,'RWB-6-012','2021-04-11 00:00:00',28,5.16),(1006,'RWB-2-043','2021-04-11 00:00:00',28,10.00),(1007,'RWB-6-019','2021-04-11 00:00:00',28,5.16),(1008,'RWB-2-015','2021-04-17 00:00:00',2,15.50),(1009,'RWB-2-062','2021-04-17 00:00:00',2,15.50),(1010,'RWB-2-050','2021-04-17 00:00:00',2,15.50),(1011,'RWB-2-048','2021-04-17 00:00:00',2,15.50),(1012,'RWB-2-063','2021-04-17 00:00:00',2,15.50),(1013,'RWB-2-047','2021-04-17 00:00:00',2,10.00),(1014,'RWB-2-022','2021-04-23 00:00:00',8,15.50),(1015,'RWB-2-013','2021-04-23 00:00:00',8,12.00),(1016,'RWB-2-045','2021-04-23 00:00:00',8,15.50),(1017,'RWB-2-018','2021-04-23 00:00:00',8,15.50),(1018,'RWB-2-029','2021-04-23 00:00:00',8,15.50),(1019,'RWB-2-046','2021-04-23 00:00:00',8,15.50),(1020,'RWB-2-006','2021-04-28 00:00:00',13,15.50),(1021,'RWB-2-017','2021-04-28 00:00:00',13,15.50),(1022,'RWB-2-031','2021-04-28 00:00:00',13,15.50),(1023,'RWB-2-005','2021-04-28 00:00:00',13,15.50),(1024,'RWB-6-005','2021-04-28 00:00:00',13,5.16),(1025,'RWB-6-018','2021-04-28 00:00:00',13,5.16),(1026,'RWB-2-025','2021-04-28 00:00:00',13,15.50),(1027,'RWB-6-021','2021-04-28 00:00:00',13,2.00),(1028,'RWB-C-003','2021-04-28 00:00:00',37,5.00),(1029,'RWB-2-023','2021-05-08 00:00:00',39,15.50),(1030,'RWB-2-024','2021-05-08 00:00:00',39,15.50),(1031,'RWB-2-041','2021-05-08 00:00:00',39,15.50),(1032,'RWB-2-008','2021-05-08 00:00:00',39,15.50),(1033,'RWB-2-033','2021-05-08 00:00:00',39,10.00),(1034,'RWB-4-001','2021-05-08 00:00:00',39,7.75),(1035,'RWB-6-001','2021-05-08 00:00:00',39,5.16),(1036,'RWB-6-006','2021-05-08 00:00:00',39,5.16),(1037,'RWB-6-011','2021-05-11 00:00:00',1,5.16),(1038,'RWB-6-008','2021-05-11 00:00:00',1,5.16),(1039,'RWB-6-003','2021-05-11 00:00:00',1,5.16),(1040,'RWB-2-007','2021-05-11 00:00:00',1,15.50),(1041,'RWB-2-014','2021-05-11 00:00:00',1,15.50),(1042,'RWB-2-030','2021-05-11 00:00:00',1,15.50),(1043,'RWB-2-055','2021-05-11 00:00:00',1,15.50),(1044,'RWB-2-040','2021-05-11 00:00:00',1,10.00),(1045,'RWB-6-019','2021-05-14 00:00:00',38,5.16),(1046,'RWB-6-020','2021-05-14 00:00:00',38,5.16),(1047,'RWB-6-009','2021-05-14 00:00:00',38,5.16),(1048,'RWB-2-016','2021-05-14 00:00:00',38,15.50),(1049,'RWB-2-021','2021-05-14 00:00:00',38,15.50),(1050,'RWB-2-043','2021-05-14 00:00:00',38,15.50),(1051,'RWB-2-012','2021-05-14 00:00:00',38,15.50),(1052,'RWB-2-036','2021-05-14 00:00:00',38,8.00),(1053,'RWB-2-003','2021-05-23 00:00:00',4,15.50),(1054,'RWB-2-054','2021-05-23 00:00:00',4,15.50),(1055,'RWB-2-057','2021-05-23 00:00:00',4,10.00),(1056,'RWB-2-058','2021-05-23 00:00:00',4,15.50),(1057,'RWB-2-061','2021-05-23 00:00:00',4,15.50),(1058,'RWB-6-015','2021-05-23 00:00:00',4,5.16),(1059,'RWB-6-017','2021-05-23 00:00:00',4,5.16),(1060,'RWB-2-004','2021-05-28 00:00:00',17,15.50),(1061,'RWB-2-005','2021-05-28 00:00:00',17,15.50),(1062,'RWB-2-028','2021-05-28 00:00:00',17,8.00),(1063,'RWB-2-053','2021-05-28 00:00:00',17,15.50),(1064,'RWB-2-065','2021-05-28 00:00:00',17,15.50),(1065,'RWB-2-042','2021-05-28 00:00:00',17,15.50),(1066,'RWB-6-007','2021-05-28 00:00:00',17,5.16),(1067,'RWB-6-021','2021-05-28 00:00:00',17,5.16),(1068,'RWB-6-010','2021-06-02 00:00:00',3,5.16),(1069,'RWB-2-036','2021-06-02 00:00:00',3,15.50),(1070,'RWB-2-002','2021-06-02 00:00:00',3,15.50),(1071,'RWB-2-066','2021-06-02 00:00:00',3,15.50),(1072,'RWB-6-016','2021-06-02 00:00:00',3,5.16),(1073,'RWB-2-025','2021-06-02 00:00:00',3,15.50),(1074,'RWB-2-048','2021-06-02 00:00:00',3,15.50),(1075,'RWB-2-052','2021-06-08 00:00:00',36,15.50),(1076,'RWB-2-013','2021-06-08 00:00:00',36,15.50),(1077,'RWB-2-009','2021-06-08 00:00:00',36,15.50),(1078,'RWB-2-027','2021-06-08 00:00:00',36,15.50),(1079,'RWB-2-040','2021-06-08 00:00:00',36,5.00),(1080,'RWB-2-011','2021-06-10 00:00:00',8,7.00),(1081,'RWB-2-031','2021-06-10 00:00:00',8,15.50),(1082,'RWB-2-026','2021-06-10 00:00:00',8,15.50),(1083,'RWB-2-045','2021-06-10 00:00:00',8,15.50),(1084,'RWB-2-064','2021-06-10 00:00:00',8,15.50),(1085,'RWB-6-004','2021-06-10 00:00:00',8,5.16),(1086,'RWB-6-008','2021-06-10 00:00:00',8,5.16),(1087,'RWB-6-020','2021-06-10 00:00:00',8,5.16),(1088,'RWB-2-006','2021-06-14 00:00:00',14,15.50),(1089,'RWB-2-051','2021-06-14 00:00:00',14,15.50),(1090,'RWB-2-032','2021-06-14 00:00:00',14,15.50),(1091,'RWB-2-028','2021-06-14 00:00:00',14,15.50),(1092,'RWB-2-038','2021-06-14 00:00:00',14,15.50),(1093,'RWB-6-009','2021-06-14 00:00:00',14,5.16),(1094,'RWB-6-005','2021-06-14 00:00:00',14,5.16),(1095,'RWB-6-002','2021-06-14 00:00:00',14,5.16),(1096,'RWB-6-021','2021-06-14 00:00:00',14,2.00),(1097,'RWB-2-007','2021-06-17 00:00:00',1,10.00),(1098,'RWB-2-017','2021-06-17 00:00:00',1,15.50),(1099,'RWB-2-018','2021-06-17 00:00:00',1,15.50),(1100,'RWB-2-055','2021-06-17 00:00:00',1,15.50),(1101,'RWB-4-001','2021-06-17 00:00:00',1,7.75),(1102,'RWB-6-003','2021-06-17 00:00:00',1,5.16),(1103,'RWB-6-007','2021-06-17 00:00:00',1,5.16),(1104,'RWB-6-014','2021-06-17 00:00:00',1,5.16),(1105,'RWB-6-015','2021-06-17 00:00:00',1,5.16),(1106,'RWB-C-001','2021-06-19 00:00:00',40,5.00),(1107,'RWB-2-010','2021-06-26 00:00:00',16,15.50),(1108,'RWB-2-005','2021-06-26 00:00:00',16,15.50),(1109,'RWB-2-008','2021-06-26 00:00:00',16,15.50),(1110,'RWB-2-044','2021-06-26 00:00:00',16,15.50),(1111,'RWB-2-060','2021-06-26 00:00:00',16,15.50),(1112,'RWB-6-011','2021-06-26 00:00:00',16,5.16),(1113,'RWB-6-012','2021-06-26 00:00:00',16,5.16),(1114,'RWB-6-017','2021-06-26 00:00:00',16,5.16),(1115,'RWB-2-016','2021-07-10 00:00:00',2,15.50),(1116,'RWB-2-029','2021-07-10 00:00:00',2,15.50),(1117,'RWB-2-053','2021-07-10 00:00:00',2,15.50),(1118,'RWB-2-059','2021-07-10 00:00:00',2,15.50),(1119,'RWB-2-065','2021-07-10 00:00:00',2,15.50),(1120,'RWB-6-008','2021-07-10 00:00:00',2,5.16),(1121,'RWB-6-020','2021-07-10 00:00:00',2,5.16),(1122,'RWB-6-021','2021-07-10 00:00:00',2,4.00),(1123,'RWB-C-004','2021-07-18 00:00:00',42,5.00),(1124,'RWB-2-027','2021-07-21 00:00:00',37,15.50),(1125,'RWB-2-038','2021-07-21 00:00:00',37,15.50),(1126,'RWB-2-044','2021-07-21 00:00:00',37,15.50),(1127,'RWB-2-056','2021-07-21 00:00:00',37,15.50),(1128,'RWB-2-062','2021-07-21 00:00:00',37,15.50),(1129,'RWB-6-001','2021-07-21 00:00:00',37,5.16),(1130,'RWB-6-019','2021-07-21 00:00:00',37,5.16),(1131,'RWB-6-006','2021-07-21 00:00:00',37,5.16),(1132,'RWB-2-012','2021-07-24 00:00:00',1,15.50),(1133,'RWB-2-035','2021-07-24 00:00:00',1,15.50),(1134,'RWB-2-057','2021-07-24 00:00:00',1,10.00),(1135,'RWB-2-047','2021-07-24 00:00:00',1,15.50),(1136,'RWB-6-004','2021-07-24 00:00:00',1,5.16),(1137,'RWB-6-005','2021-07-24 00:00:00',1,5.16),(1138,'RWB-6-009','2021-07-24 00:00:00',1,5.16),(1139,'RWB-2-014','2021-07-24 00:00:00',1,15.50),(1140,'RWB-2-004','2021-07-29 00:00:00',8,15.50),(1141,'RWB-2-006','2021-07-29 00:00:00',8,15.50),(1142,'RWB-2-041','2021-07-29 00:00:00',8,15.50),(1143,'RWB-2-061','2021-07-29 00:00:00',8,15.50),(1144,'RWB-2-030','2021-07-29 00:00:00',8,12.00),(1145,'RWB-6-002','2021-07-29 00:00:00',8,5.16),(1146,'RWB-6-010','2021-07-29 00:00:00',8,5.16),(1147,'RWB-6-014','2021-07-29 00:00:00',8,5.16),(1148,'RWB-2-007','2021-08-06 00:00:00',43,15.50),(1149,'RWB-2-018','2021-08-06 00:00:00',43,15.50),(1150,'RWB-2-042','2021-08-06 00:00:00',43,15.50),(1151,'RWB-2-046','2021-08-06 00:00:00',43,15.50),(1152,'RWB-6-007','2021-08-06 00:00:00',43,5.16),(1153,'RWB-6-017','2021-08-06 00:00:00',43,5.16),(1154,'RWB-2-055','2021-08-06 00:00:00',43,8.00),(1155,'RWB-2-003','2021-08-11 00:00:00',16,15.50),(1156,'RWB-2-024','2021-08-11 00:00:00',16,15.50),(1157,'RWB-2-040','2021-08-11 00:00:00',16,15.50),(1158,'RWB-2-043','2021-08-11 00:00:00',16,15.50),(1159,'RWB-6-012','2021-08-11 00:00:00',16,5.16),(1160,'RWB-6-016','2021-08-11 00:00:00',16,5.16),(1161,'RWB-2-049','2021-08-11 00:00:00',16,15.50),(1162,'RWB-6-021','2021-08-11 00:00:00',16,4.00),(1163,'RWB-2-010','2021-08-18 00:00:00',4,15.50),(1164,'RWB-2-022','2021-08-18 00:00:00',4,15.50),(1165,'RWB-2-052','2021-08-18 00:00:00',4,15.50),(1166,'RWB-2-063','2021-08-18 00:00:00',4,15.50),(1167,'RWB-6-003','2021-08-18 00:00:00',4,5.16),(1168,'RWB-6-008','2021-08-18 00:00:00',4,5.16),(1169,'RWB-6-020','2021-08-18 00:00:00',4,5.16),(1170,'RWB-4-001','2021-08-18 00:00:00',4,3.00),(1171,'RWB-2-008','2021-08-23 00:00:00',21,15.50),(1172,'RWB-2-021','2021-08-23 00:00:00',21,15.50),(1173,'RWB-2-051','2021-08-23 00:00:00',21,15.50),(1174,'RWB-2-057','2021-08-23 00:00:00',21,15.50),(1175,'RWB-2-058','2021-08-23 00:00:00',21,15.50),(1176,'RWB-2-005','2021-08-23 00:00:00',21,13.00),(1177,'RWB-C-001','2021-08-23 00:00:00',44,5.00),(1192,'RWB-2-015','2021-08-26 00:00:00',36,15.50),(1193,'RWB-2-045','2021-08-26 00:00:00',36,15.50),(1194,'RWB-2-056','2021-08-26 00:00:00',36,15.50),(1195,'RWB-2-065','2021-08-26 00:00:00',36,15.50),(1203,'RWB-6-014','2021-08-29 00:00:00',45,5.16),(1204,'RWB-6-018','2021-08-29 00:00:00',45,5.16),(1205,'RWB-2-009','2021-08-29 00:00:00',45,15.50),(1206,'RWB-2-011','2021-08-29 00:00:00',45,15.50),(1207,'RWB-2-017','2021-08-29 00:00:00',45,15.50),(1208,'RWB-2-023','2021-08-29 00:00:00',45,15.50),(1209,'RWB-4-001','2021-08-29 00:00:00',45,7.75),(1210,'RWB-2-030','2021-08-29 00:00:00',45,5.00),(1211,'RWB-2-031','2021-08-26 00:00:00',36,14.00),(1212,'RWB-2-018','2021-09-10 00:00:00',1,15.50),(1213,'RWB-2-055','2021-09-10 00:00:00',1,15.50),(1214,'RWB-2-064','2021-09-10 00:00:00',1,15.50),(1215,'RWB-2-019','2021-09-07 00:00:00',46,15.50),(1216,'RWB-2-026','2021-09-07 00:00:00',46,15.50),(1217,'RWB-2-032','2021-09-07 00:00:00',46,15.50),(1218,'RWB-2-054','2021-09-07 00:00:00',46,15.50),(1219,'RWB-2-060','2021-09-07 00:00:00',46,15.50),(1220,'RWB-2-033','2021-09-07 00:00:00',46,5.00),(1221,'RWB-2-042','2021-09-10 00:00:00',1,15.50),(1222,'RWB-4-001','2021-09-10 00:00:00',1,7.75),(1223,'RWB-6-001','2021-09-10 00:00:00',1,3.00),(1224,'RWB-2-014','2021-09-18 00:00:00',8,15.50),(1225,'RWB-2-027','2021-09-18 00:00:00',8,15.50),(1226,'RWB-2-028','2021-09-18 00:00:00',8,15.50),(1227,'RWB-2-048','2021-09-18 00:00:00',8,15.50),(1228,'RWB-2-050','2021-09-18 00:00:00',8,15.50),(1229,'RWB-2-047','2021-09-18 00:00:00',8,10.00),(1231,'RWB-6-003','2021-09-22 00:00:00',47,5.16),(1232,'RWB-6-014','2021-09-22 00:00:00',47,5.16),(1233,'RWB-2-001','2021-09-22 00:00:00',47,15.50),(1234,'RWB-2-013','2021-09-22 00:00:00',47,15.50),(1235,'RWB-2-040','2021-09-22 00:00:00',47,15.50),(1236,'RWB-2-046','2021-09-22 00:00:00',47,15.50),(1237,'RWB-2-049','2021-09-22 00:00:00',47,15.50),(1238,'RWB-2-003','2021-09-29 00:00:00',4,15.50),(1239,'RWB-2-004','2021-09-29 00:00:00',4,15.50),(1240,'RWB-2-016','2021-09-29 00:00:00',4,15.50),(1241,'RWB-2-030','2021-09-29 00:00:00',4,15.50),(1242,'RWB-2-038','2021-09-29 00:00:00',4,15.50),(1243,'RWB-6-005','2021-09-29 00:00:00',4,5.16),(1244,'RWB-6-020','2021-09-29 00:00:00',4,4.00),(1270,'RWB-2-006','2021-10-02 00:00:00',50,15.50),(1271,'RWB-2-007','2021-10-02 00:00:00',50,15.50),(1272,'RWB-2-011','2021-10-02 00:00:00',50,15.50),(1273,'RWB-2-012','2021-10-02 00:00:00',50,15.50),(1274,'RWB-2-031','2021-10-02 00:00:00',50,15.50),(1277,'RWB-2-062','2021-10-02 00:00:00',50,12.00);
/*!40000 ALTER TABLE `keg_fill_history` ENABLE KEYS */;
UNLOCK TABLES;

--
-- Table structure for table `keg_info`
--

DROP TABLE IF EXISTS `keg_info`;
/*!40101 SET @saved_cs_client     = @@character_set_client */;
/*!50503 SET character_set_client = utf8mb4 */;
CREATE TABLE `keg_info` (
  `Id` int(11) NOT NULL AUTO_INCREMENT,
  `RWBId` varchar(45) NOT NULL,
  `FactorySerial` varchar(45) DEFAULT NULL,
  `ReceivedDate` date NOT NULL,
  `Used` tinyint(4) NOT NULL DEFAULT '0',
  `Notes` text,
  `KegTypeId` int(11) NOT NULL,
  PRIMARY KEY (`Id`),
  UNIQUE KEY `Id_UNIQUE` (`Id`),
  UNIQUE KEY `RWBId_UNIQUE` (`RWBId`),
  UNIQUE KEY `FactorySerial_UNIQUE` (`FactorySerial`),
  KEY `fk_keg_type_idx` (`KegTypeId`)
) ENGINE=InnoDB AUTO_INCREMENT=261 DEFAULT CHARSET=latin1;
/*!40101 SET character_set_client = @saved_cs_client */;

--
-- Dumping data for table `keg_info`
--

LOCK TABLES `keg_info` WRITE;
/*!40000 ALTER TABLE `keg_info` DISABLE KEYS */;
INSERT INTO `keg_info` VALUES (165,'RWB-6-001','19-010735B','2020-07-29',0,NULL,1),(166,'RWB-6-002','19-010721B','2020-07-29',0,NULL,1),(167,'RWB-6-003','19-012806B','2020-07-29',0,NULL,1),(168,'RWB-6-004','19-010965B','2020-07-29',0,NULL,1),(169,'RWB-6-005','19-010751B','2020-07-29',0,NULL,1),(170,'RWB-6-006','19-012882B','2020-07-29',0,NULL,1),(171,'RWB-6-007','19-012783B','2020-07-29',0,NULL,1),(172,'RWB-6-008','19-010976B','2020-07-29',0,NULL,1),(173,'RWB-6-009','19-014617B','2020-07-29',0,NULL,1),(174,'RWB-6-010','19-010736B','2020-07-29',0,NULL,1),(175,'RWB-6-011','19-010941B','2020-07-29',0,NULL,1),(176,'RWB-6-012','19-012896B','2020-07-29',0,NULL,1),(177,'RWB-6-013','19-014545B','2020-07-29',0,NULL,1),(178,'RWB-6-014','19-010935B','2020-07-29',0,NULL,1),(179,'RWB-6-015','19-012878B','2020-07-29',0,NULL,1),(180,'RWB-6-016','19-012893B','2020-07-29',0,NULL,1),(181,'RWB-6-017','19-012920B','2020-07-29',0,NULL,1),(182,'RWB-6-018','19-010957B','2020-07-29',0,NULL,1),(183,'RWB-6-019','19-014599B','2020-07-29',0,NULL,1),(184,'RWB-6-020','19-014578B','2020-07-29',0,NULL,1),(185,'RWB-6-021','YARDS','2019-06-30',0,NULL,1),(186,'RWB-2-001','19-025648','2020-07-29',0,NULL,2),(187,'RWB-2-002','19-025579','2020-07-29',0,NULL,2),(188,'RWB-2-003','19-025734','2020-07-29',0,NULL,2),(189,'RWB-2-004','19-025591','2020-07-29',0,NULL,2),(190,'RWB-2-005','19-025748','2020-07-29',0,NULL,2),(191,'RWB-2-006',NULL,'2019-09-25',1,NULL,2),(192,'RWB-2-007','081943','2019-09-25',1,NULL,2),(193,'RWB-2-008','057305','2019-09-25',1,NULL,2),(194,'RWB-2-009','057308','2019-09-25',1,NULL,2),(195,'RWB-2-010','057307','2019-09-25',1,NULL,2),(196,'RWB-2-011','081939','2019-09-25',1,NULL,2),(197,'RWB-2-012','057405','2019-09-25',1,NULL,2),(198,'RWB-2-013','057303','2019-09-25',1,NULL,2),(199,'RWB-2-014','057301','2019-09-25',1,NULL,2),(200,'RWB-2-015','057318','2019-09-25',1,NULL,2),(201,'RWB-2-016',NULL,'2019-06-30',1,NULL,2),(202,'RWB-2-017','057302','2019-09-25',1,NULL,2),(203,'RWB-2-018','057297','2019-09-25',1,NULL,2),(204,'RWB-2-019','057306','2019-09-25',1,NULL,2),(205,'RWB-2-020','057304','2019-09-25',1,NULL,2),(206,'RWB-2-021','057426','2019-09-25',1,NULL,2),(207,'RWB-2-022','081946','2019-09-25',1,NULL,2),(208,'RWB-2-023','057320','2019-09-25',1,NULL,2),(209,'RWB-2-024','057292','2019-09-25',1,NULL,2),(210,'RWB-2-025','057298','2019-09-25',1,NULL,2),(211,'RWB-2-026','057296','2019-09-25',1,NULL,2),(212,'RWB-2-027','057319','2019-09-25',1,NULL,2),(213,'RWB-2-028','057411','2019-09-25',1,NULL,2),(214,'RWB-2-029','057299','2019-09-25',1,NULL,2),(215,'RWB-2-030','057410','2019-09-25',1,NULL,2),(216,'RWB-2-031','057413','2019-09-25',1,NULL,2),(217,'RWB-2-032','057408','2019-09-25',1,NULL,2),(218,'RWB-2-033','057421','2019-09-25',1,NULL,2),(219,'RWB-2-034','057467','2019-09-25',1,NULL,2),(220,'RWB-2-035','057316','2019-09-25',1,NULL,2),(221,'RWB-2-036','029519','2019-09-25',1,NULL,2),(222,'RWB-2-037','057424','2019-09-25',1,NULL,2),(223,'RWB-2-038','081938','2019-09-25',1,NULL,2),(224,'RWB-2-039',NULL,'2019-09-25',1,NULL,2),(225,'RWB-2-040',NULL,'2019-06-30',1,NULL,2),(226,'RWB-2-041',NULL,'2019-06-30',1,NULL,2),(227,'RWB-2-042','BULLDOG','2019-06-30',1,NULL,2),(228,'RWB-2-043',NULL,'2019-06-30',1,NULL,2),(229,'RWB-2-044',NULL,'2019-06-30',1,NULL,2),(230,'RWB-2-045',NULL,'2019-06-30',1,NULL,2),(231,'RWB-2-046',NULL,'2019-06-30',1,NULL,2),(232,'RWB-2-047',NULL,'2019-06-30',1,NULL,2),(233,'RWB-2-048',NULL,'2019-06-30',1,NULL,2),(234,'RWB-2-049',NULL,'2019-06-30',1,NULL,2),(235,'RWB-2-050',NULL,'2019-06-30',1,NULL,2),(236,'RWB-2-051','kegco.com','2019-06-30',1,NULL,2),(237,'RWB-2-052',NULL,'2019-06-30',1,NULL,2),(238,'RWB-2-053','Modelo','2019-06-30',1,NULL,2),(239,'RWB-2-054',NULL,'2019-06-30',1,NULL,2),(240,'RWB-2-055',NULL,'2019-06-30',1,NULL,2),(241,'RWB-2-056',NULL,'2019-06-30',1,NULL,2),(242,'RWB-2-057',NULL,'2019-06-30',1,NULL,2),(243,'RWB-2-058','KARL','2019-06-30',1,NULL,2),(244,'RWB-2-059',NULL,'2019-06-30',1,NULL,2),(245,'RWB-2-060',NULL,'2019-06-30',1,NULL,2),(246,'RWB-2-061','057425','2019-06-30',1,NULL,2),(247,'RWB-2-062',NULL,'2019-06-30',1,NULL,2),(248,'RWB-2-063',NULL,'2019-06-30',1,NULL,2),(249,'RWB-2-064','0547','2019-06-30',1,NULL,2),(250,'RWB-2-065','Duct Tape','2019-06-30',1,NULL,2),(251,'RWB-2-066','Stumblefoot','2019-06-30',1,NULL,2),(252,'RWB-2-067','No markings','2019-06-30',1,NULL,2),(253,'RWB-2-068',NULL,'2019-06-30',1,NULL,2),(254,'RWB-2-069',NULL,'2019-06-30',1,NULL,2),(255,'RWB-2-070',NULL,'2019-06-30',1,NULL,2),(256,'RWB-4-001','Founders','2019-06-30',0,NULL,3),(257,'RWB-C-001',NULL,'2019-06-30',0,NULL,4),(258,'RWB-C-002',NULL,'2019-06-30',0,NULL,4),(259,'RWB-C-003','BLUE','2019-06-30',0,NULL,4),(260,'RWB-C-004',NULL,'2019-06-30',0,NULL,4);
/*!40000 ALTER TABLE `keg_info` ENABLE KEYS */;
UNLOCK TABLES;

--
-- Table structure for table `keg_issue_log`
--

DROP TABLE IF EXISTS `keg_issue_log`;
/*!40101 SET @saved_cs_client     = @@character_set_client */;
/*!50503 SET character_set_client = utf8mb4 */;
CREATE TABLE `keg_issue_log` (
  `Id` int(11) NOT NULL AUTO_INCREMENT,
  `FK_RWBId` varchar(50) NOT NULL,
  `IssueDate` datetime NOT NULL,
  `Reporter` varchar(50) NOT NULL DEFAULT '',
  `Issue` text NOT NULL,
  `Resolved` tinyint(4) NOT NULL DEFAULT '0',
  PRIMARY KEY (`Id`),
  KEY `FK_IssueLog_RWBId` (`FK_RWBId`),
  CONSTRAINT `FK_IssueLog_RWBId` FOREIGN KEY (`FK_RWBId`) REFERENCES `keg_info` (`RWBId`) ON DELETE NO ACTION ON UPDATE NO ACTION
) ENGINE=InnoDB AUTO_INCREMENT=9 DEFAULT CHARSET=latin1;
/*!40101 SET character_set_client = @saved_cs_client */;

--
-- Dumping data for table `keg_issue_log`
--

LOCK TABLES `keg_issue_log` WRITE;
/*!40000 ALTER TABLE `keg_issue_log` DISABLE KEYS */;
INSERT INTO `keg_issue_log` VALUES (1,'RWB-2-034','2020-12-12 00:00:00','PICONE','Makes airplane noises when you pressurize it with air. needs a deep clean & repair',0),(2,'RWB-2-020','2020-11-05 00:00:00','PICONE','This keg is terrible. Needs to have a new coupler attached to it, old couplers won\'t catch. Keg washer struggles with draining',0),(3,'RWB-2-020','2021-01-25 00:00:00','PICONE','Still doesn\'t drain',0),(4,'RWB-2-019','2021-01-24 00:00:00','PICONE','Leaks at the coupler',0),(5,'RWB-2-033','2021-02-07 00:00:00','PICONE','Drains slowly - seems to drain fine when switched to the kegging coupler instead of the keg washer coupler',0),(6,'RWB-2-037','2021-03-13 00:00:00','HAGE','Leaking around the coupler when on the keg washer. Looks like raised/even surface of the rubber part of the spear.',0),(7,'RWB-2-001','2021-03-16 00:00:00','PICONE','Couldn\'t get it open when trying to breakdown - screwdriver broke in snap ring',0),(8,'RWB-2-051','2021-05-09 00:00:00','BAUMAN','Super Dirty during breakdown - Deposits did not scrub off well. Filled it about 3/4 with fresh hot water/CAU 8000. Letting soak for 1-2 days and cleaning again.',0);
/*!40000 ALTER TABLE `keg_issue_log` ENABLE KEYS */;
UNLOCK TABLES;

--
-- Table structure for table `keg_location_history`
--

DROP TABLE IF EXISTS `keg_location_history`;
/*!40101 SET @saved_cs_client     = @@character_set_client */;
/*!50503 SET character_set_client = utf8mb4 */;
CREATE TABLE `keg_location_history` (
  `Id` int(11) NOT NULL AUTO_INCREMENT,
  `FK_RWBId` varchar(50) NOT NULL,
  `FK_LocationId` int(11) NOT NULL,
  `LocationDate` datetime NOT NULL DEFAULT CURRENT_TIMESTAMP,
  PRIMARY KEY (`Id`),
  KEY `FK_LocationHistory_RWBId` (`FK_RWBId`),
  KEY `FK_Location_LocationId` (`FK_LocationId`),
  CONSTRAINT `FK_LocationHistory_LocationId` FOREIGN KEY (`FK_LocationId`) REFERENCES `locations` (`Id`) ON DELETE NO ACTION ON UPDATE NO ACTION,
  CONSTRAINT `FK_LocationHistory_RWBId` FOREIGN KEY (`FK_RWBId`) REFERENCES `keg_info` (`RWBId`) ON DELETE NO ACTION ON UPDATE NO ACTION
) ENGINE=InnoDB AUTO_INCREMENT=1646 DEFAULT CHARSET=latin1;
/*!40101 SET character_set_client = @saved_cs_client */;

--
-- Dumping data for table `keg_location_history`
--

LOCK TABLES `keg_location_history` WRITE;
/*!40000 ALTER TABLE `keg_location_history` DISABLE KEYS */;
INSERT INTO `keg_location_history` VALUES (1,'RWB-2-025',1,'2021-03-19 00:00:00'),(2,'RWB-2-050',1,'2021-03-19 00:00:00'),(3,'RWB-4-001',1,'2021-03-19 00:00:00'),(4,'RWB-2-029',1,'2021-03-19 00:00:00'),(5,'RWB-2-022',1,'2021-03-19 00:00:00'),(6,'RWB-2-041',1,'2021-03-19 00:00:00'),(7,'RWB-2-063',1,'2021-03-19 00:00:00'),(8,'RWB-2-031',1,'2021-03-19 00:00:00'),(9,'RWB-2-006',1,'2021-03-19 00:00:00'),(10,'RWB-2-017',2,'2021-03-19 00:00:00'),(11,'RWB-2-065',2,'2021-03-19 00:00:00'),(12,'RWB-2-045',2,'2021-03-19 00:00:00'),(13,'RWB-2-008',2,'2021-03-19 00:00:00'),(14,'RWB-2-045',1,'2021-03-19 00:00:00'),(15,'RWB-4-001',11,'2021-03-19 00:00:00'),(16,'RWB-2-036',11,'2021-03-19 00:00:00'),(17,'RWB-2-049',11,'2021-03-19 00:00:00'),(18,'RWB-2-015',11,'2021-03-19 00:00:00'),(19,'RWB-2-059',11,'2021-03-19 00:00:00'),(20,'RWB-2-018',11,'2021-03-19 00:00:00'),(21,'RWB-2-027',11,'2021-03-19 00:00:00'),(22,'RWB-2-048',11,'2021-03-19 00:00:00'),(23,'RWB-2-047',11,'2021-03-19 00:00:00'),(24,'RWB-2-064',11,'2021-03-19 00:00:00'),(25,'RWB-2-001',11,'2021-03-19 00:00:00'),(26,'RWB-2-037',11,'2021-03-19 00:00:00'),(27,'RWB-2-044',11,'2021-03-19 00:00:00'),(28,'RWB-2-046',11,'2021-03-19 00:00:00'),(29,'RWB-2-026',11,'2021-03-19 00:00:00'),(30,'RWB-2-062',11,'2021-03-19 00:00:00'),(31,'RWB-2-013',11,'2021-03-19 00:00:00'),(32,'RWB-2-002',11,'2021-03-19 00:00:00'),(33,'RWB-2-043',11,'2021-03-19 00:00:00'),(34,'RWB-2-004',11,'2021-03-19 00:00:00'),(35,'RWB-4-001',11,'2021-03-19 00:00:00'),(36,'RWB-C-001',11,'2021-03-19 00:00:00'),(37,'RWB-C-004',11,'2021-03-19 00:00:00'),(38,'RWB-6-001',11,'2021-03-19 00:00:00'),(39,'RWB-6-017',11,'2021-03-19 00:00:00'),(40,'RWB-2-009',11,'2021-03-19 00:00:00'),(41,'RWB-2-011',11,'2021-03-19 00:00:00'),(42,'RWB-2-014',11,'2021-03-19 00:00:00'),(43,'RWB-2-016',11,'2021-03-19 00:00:00'),(44,'RWB-2-028',11,'2021-03-19 00:00:00'),(45,'RWB-2-054',11,'2021-03-19 00:00:00'),(46,'RWB-2-055',11,'2021-03-19 00:00:00'),(47,'RWB-2-058',11,'2021-03-19 00:00:00'),(48,'RWB-2-060',11,'2021-03-19 00:00:00'),(49,'RWB-2-067',11,'2021-03-19 00:00:00'),(50,'RWB-6-002',11,'2021-03-19 00:00:00'),(51,'RWB-6-007',11,'2021-03-19 00:00:00'),(52,'RWB-6-010',11,'2021-03-19 00:00:00'),(53,'RWB-6-011',11,'2021-03-19 00:00:00'),(54,'RWB-6-012',11,'2021-03-19 00:00:00'),(55,'RWB-6-013',11,'2021-03-19 00:00:00'),(56,'RWB-6-014',11,'2021-03-19 00:00:00'),(57,'RWB-6-015',11,'2021-03-19 00:00:00'),(58,'RWB-6-016',11,'2021-03-19 00:00:00'),(59,'RWB-6-021',11,'2021-03-19 00:00:00'),(60,'RWB-2-003',11,'2021-03-19 00:00:00'),(61,'RWB-2-005',11,'2021-03-19 00:00:00'),(62,'RWB-2-007',11,'2021-03-19 00:00:00'),(63,'RWB-2-019',3,'2021-03-19 00:00:00'),(64,'RWB-2-021',3,'2021-03-19 00:00:00'),(65,'RWB-2-023',3,'2021-03-19 00:00:00'),(66,'RWB-2-024',3,'2021-03-19 00:00:00'),(67,'RWB-2-030',3,'2021-03-19 00:00:00'),(68,'RWB-2-032',3,'2021-03-19 00:00:00'),(69,'RWB-2-033',3,'2021-03-19 00:00:00'),(70,'RWB-2-035',3,'2021-03-19 00:00:00'),(71,'RWB-2-038',3,'2021-03-19 00:00:00'),(72,'RWB-2-040',3,'2021-03-19 00:00:00'),(73,'RWB-2-042',3,'2021-03-19 00:00:00'),(74,'RWB-2-051',3,'2021-03-19 00:00:00'),(75,'RWB-2-052',3,'2021-03-19 00:00:00'),(76,'RWB-2-053',3,'2021-03-19 00:00:00'),(77,'RWB-2-056',3,'2021-03-19 00:00:00'),(78,'RWB-2-057',3,'2021-03-19 00:00:00'),(79,'RWB-2-061',3,'2021-03-19 00:00:00'),(80,'RWB-2-066',3,'2021-03-19 00:00:00'),(81,'RWB-6-003',3,'2021-03-19 00:00:00'),(82,'RWB-6-004',3,'2021-03-19 00:00:00'),(83,'RWB-6-005',3,'2021-03-19 00:00:00'),(84,'RWB-6-006',3,'2021-03-19 00:00:00'),(85,'RWB-6-008',3,'2021-03-19 00:00:00'),(86,'RWB-6-009',3,'2021-03-19 00:00:00'),(87,'RWB-6-018',3,'2021-03-19 00:00:00'),(88,'RWB-6-019',3,'2021-03-19 00:00:00'),(89,'RWB-6-020',3,'2021-03-19 00:00:00'),(90,'RWB-2-010',3,'2021-03-19 00:00:00'),(91,'RWB-2-012',3,'2021-03-19 00:00:00'),(92,'RWB-6-009',10,'2021-03-19 00:00:00'),(93,'RWB-6-008',8,'2021-03-19 00:00:00'),(94,'RWB-6-020',8,'2021-03-19 00:00:00'),(95,'RWB-6-009',10,'2021-03-19 07:08:42'),(96,'RWB-6-008',8,'2021-03-19 07:08:42'),(97,'RWB-6-020',8,'2021-03-19 07:08:42'),(98,'RWB-2-008',1,'2021-03-19 09:46:03'),(99,'RWB-2-017',1,'2021-03-19 09:46:03'),(100,'RWB-2-050',11,'2021-03-19 09:46:03'),(101,'RWB-2-063',11,'2021-03-19 09:46:03'),(102,'RWB-2-045',1,'2021-03-19 09:46:36'),(103,'RWB-4-001',11,'2021-03-19 09:46:36'),(104,'RWB-6-013',10,'2021-03-19 11:27:19'),(105,'RWB-2-026',11,'2021-03-20 03:02:02'),(106,'RWB-2-062',11,'2021-03-20 03:02:02'),(107,'RWB-2-013',11,'2021-03-20 03:02:02'),(108,'RWB-6-017',11,'2021-03-20 03:02:02'),(109,'RWB-6-001',11,'2021-03-20 03:02:02'),(110,'RWB-2-046',11,'2021-03-20 03:02:02'),(111,'RWB-2-004',11,'2021-03-20 06:46:36'),(112,'RWB-4-001',11,'2021-03-20 06:46:36'),(113,'RWB-2-050',11,'2021-03-20 06:46:36'),(114,'RWB-2-043',11,'2021-03-20 06:46:36'),(115,'RWB-2-053',11,'2021-03-20 06:46:36'),(116,'RWB-2-002',11,'2021-03-20 06:46:36'),(117,'RWB-C-002',11,'2021-03-21 06:47:19'),(118,'RWB-C-002',11,'2021-03-21 06:47:30'),(119,'RWB-C-002',3,'2021-03-21 06:50:16'),(120,'RWB-2-057',1,'2021-03-21 10:24:16'),(121,'RWB-2-023',1,'2021-03-21 10:24:16'),(122,'RWB-2-033',1,'2021-03-21 10:24:16'),(123,'RWB-2-029',1,'2021-03-21 10:24:16'),(124,'RWB-2-040',2,'2021-03-21 10:24:16'),(125,'RWB-2-045',1,'2021-03-21 10:24:16'),(126,'RWB-2-006',1,'2021-03-21 10:24:16'),(127,'RWB-2-065',1,'2021-03-21 10:24:16'),(128,'RWB-2-017',1,'2021-03-21 10:24:16'),(129,'RWB-C-002',1,'2021-03-21 10:24:16'),(130,'RWB-2-041',1,'2021-03-21 10:24:16'),(131,'RWB-2-012',1,'2021-03-21 10:24:16'),(132,'RWB-2-008',11,'2021-03-21 10:26:26'),(133,'RWB-2-022',11,'2021-03-21 10:26:26'),(134,'RWB-2-025',11,'2021-03-21 10:26:26'),(135,'RWB-2-031',11,'2021-03-21 10:26:26'),(136,'RWB-6-001',11,'2021-03-23 11:25:29'),(137,'RWB-6-017',11,'2021-03-23 11:25:29'),(138,'RWB-2-001',11,'2021-03-23 11:25:29'),(139,'RWB-2-002',11,'2021-03-23 11:25:29'),(140,'RWB-2-004',11,'2021-03-23 11:25:29'),(141,'RWB-2-013',11,'2021-03-23 11:25:29'),(142,'RWB-2-046',11,'2021-03-23 11:25:29'),(143,'RWB-2-047',11,'2021-03-23 11:25:29'),(144,'RWB-2-048',11,'2021-03-23 11:25:29'),(145,'RWB-2-064',11,'2021-03-23 11:25:29'),(146,'RWB-2-057',2,'2021-03-23 11:51:07'),(147,'RWB-2-023',1,'2021-03-23 11:51:07'),(148,'RWB-2-045',1,'2021-03-23 11:51:07'),(149,'RWB-2-033',1,'2021-03-23 11:51:07'),(150,'RWB-2-006',1,'2021-03-23 11:51:07'),(151,'RWB-2-065',1,'2021-03-23 11:51:07'),(152,'RWB-2-017',1,'2021-03-23 11:51:07'),(153,'RWB-2-041',1,'2021-03-23 11:51:07'),(154,'RWB-2-012',1,'2021-03-23 11:51:07'),(155,'RWB-2-029',1,'2021-03-23 11:51:07'),(156,'RWB-2-040',2,'2021-03-23 11:51:07'),(157,'RWB-2-041',11,'2021-03-24 12:01:28'),(158,'RWB-2-004',11,'2021-03-25 01:33:17'),(159,'RWB-2-013',11,'2021-03-25 01:33:17'),(160,'RWB-2-062',11,'2021-03-25 01:33:17'),(161,'RWB-2-063',11,'2021-03-25 01:33:17'),(162,'RWB-2-046',11,'2021-03-25 01:33:17'),(163,'RWB-2-036',11,'2021-03-25 01:33:17'),(164,'RWB-2-043',11,'2021-03-25 01:33:17'),(165,'RWB-2-050',11,'2021-03-25 01:33:17'),(166,'RWB-2-059',11,'2021-03-25 01:33:17'),(167,'RWB-2-064',11,'2021-03-25 01:33:17'),(168,'RWB-2-026',11,'2021-03-25 01:33:17'),(169,'RWB-2-027',11,'2021-03-25 01:33:17'),(170,'RWB-2-002',11,'2021-03-25 01:33:17'),(171,'RWB-2-049',11,'2021-03-25 01:33:17'),(172,'RWB-2-018',11,'2021-03-25 01:33:17'),(173,'RWB-2-048',11,'2021-03-25 01:33:17'),(174,'RWB-2-047',11,'2021-03-25 01:33:17'),(175,'RWB-2-015',11,'2021-03-25 01:33:17'),(176,'RWB-2-001',11,'2021-03-25 01:33:17'),(177,'RWB-2-044',11,'2021-03-25 01:33:17'),(178,'RWB-4-001',11,'2021-03-25 01:33:17'),(179,'RWB-6-001',11,'2021-03-25 01:33:17'),(180,'RWB-6-017',11,'2021-03-25 01:33:17'),(181,'RWB-2-044',11,'2021-03-25 01:34:38'),(182,'RWB-2-022',11,'2021-03-25 08:59:05'),(183,'RWB-2-031',11,'2021-03-25 08:59:05'),(184,'RWB-2-006',11,'2021-03-27 05:24:46'),(185,'RWB-2-045',11,'2021-03-27 05:24:46'),(186,'RWB-2-057',1,'2021-03-27 05:24:46'),(187,'RWB-6-019',1,'2021-03-27 05:24:46'),(188,'RWB-2-033',11,'2021-03-27 06:29:02'),(189,'RWB-2-006',11,'2021-03-27 06:29:02'),(190,'RWB-2-029',11,'2021-03-27 06:29:02'),(191,'RWB-2-045',11,'2021-03-27 06:29:02'),(192,'RWB-2-040',1,'2021-03-28 11:58:37'),(193,'RWB-2-057',1,'2021-03-28 11:58:37'),(194,'RWB-2-030',1,'2021-03-28 11:58:37'),(195,'RWB-2-012',1,'2021-03-28 11:58:37'),(196,'RWB-2-017',1,'2021-03-28 11:58:37'),(197,'RWB-2-065',1,'2021-03-28 11:58:37'),(198,'RWB-6-018',1,'2021-03-28 11:58:37'),(199,'RWB-6-019',1,'2021-03-28 11:58:37'),(200,'RWB-2-021',2,'2021-03-28 11:58:37'),(201,'RWB-2-023',11,'2021-03-28 11:58:37'),(202,'RWB-2-040',11,'2021-03-28 11:58:37'),(203,'RWB-2-017',1,'2021-03-29 04:22:57'),(204,'RWB-2-012',2,'2021-03-29 04:22:57'),(205,'RWB-2-021',1,'2021-03-29 04:22:57'),(206,'RWB-2-065',1,'2021-03-29 04:22:57'),(207,'RWB-2-040',1,'2021-03-29 04:22:57'),(208,'RWB-2-030',1,'2021-03-29 04:22:57'),(209,'RWB-2-057',1,'2021-03-29 04:22:57'),(210,'RWB-6-018',1,'2021-03-29 04:22:57'),(211,'RWB-6-019',1,'2021-03-29 04:22:57'),(212,'RWB-6-021',3,'2021-03-29 06:28:25'),(213,'RWB-2-058',3,'2021-03-29 06:28:25'),(214,'RWB-2-009',3,'2021-03-29 06:28:25'),(215,'RWB-2-011',3,'2021-03-29 06:28:25'),(216,'RWB-2-060',3,'2021-03-29 06:28:25'),(217,'RWB-6-021',1,'2021-03-29 06:31:49'),(218,'RWB-2-045',11,'2021-03-31 10:48:57'),(219,'RWB-2-029',11,'2021-03-31 10:48:57'),(220,'RWB-2-045',11,'2021-03-31 10:49:13'),(221,'RWB-2-029',11,'2021-03-31 10:49:13'),(222,'RWB-2-045',11,'2021-03-31 10:49:28'),(223,'RWB-2-029',11,'2021-03-31 10:49:28'),(224,'RWB-2-045',11,'2021-03-31 10:49:47'),(225,'RWB-2-029',11,'2021-03-31 10:49:47'),(226,'RWB-6-019',11,'2021-04-01 12:06:54'),(227,'RWB-2-014',3,'2021-04-01 01:53:51'),(228,'RWB-2-028',3,'2021-04-01 01:53:51'),(229,'RWB-2-058',3,'2021-04-01 01:53:51'),(230,'RWB-2-067',3,'2021-04-01 01:53:51'),(231,'RWB-2-007',3,'2021-04-01 01:53:51'),(232,'RWB-6-012',3,'2021-04-01 01:53:51'),(233,'RWB-6-014',3,'2021-04-01 01:53:51'),(234,'RWB-6-015',3,'2021-04-01 01:53:51'),(235,'RWB-2-014',2,'2021-04-01 05:20:06'),(236,'RWB-6-005',11,'2021-04-03 12:01:02'),(237,'RWB-6-018',11,'2021-04-03 12:01:02'),(238,'RWB-6-019',11,'2021-04-03 12:01:02'),(239,'RWB-6-012',11,'2021-04-03 12:01:02'),(240,'RWB-2-017',11,'2021-04-03 12:01:02'),(241,'RWB-2-012',1,'2021-04-03 12:01:02'),(242,'RWB-2-021',1,'2021-04-03 12:01:02'),(243,'RWB-2-065',1,'2021-04-03 12:01:02'),(244,'RWB-2-057',1,'2021-04-03 12:01:02'),(245,'RWB-2-014',1,'2021-04-03 12:01:02'),(246,'RWB-6-021',1,'2021-04-03 12:01:02'),(247,'RWB-2-040',1,'2021-04-03 12:01:02'),(248,'RWB-2-030',1,'2021-04-03 12:01:02'),(249,'RWB-2-051',2,'2021-04-03 12:01:02'),(250,'RWB-2-032',2,'2021-04-03 12:01:02'),(251,'RWB-2-037',9,'2021-04-03 12:17:33'),(252,'RWB-2-022',11,'2021-04-03 06:36:26'),(253,'RWB-2-025',11,'2021-04-03 06:36:26'),(254,'RWB-2-006',11,'2021-04-03 06:36:26'),(255,'RWB-2-023',11,'2021-04-03 06:36:26'),(256,'RWB-2-041',11,'2021-04-03 06:36:26'),(257,'RWB-2-031',11,'2021-04-03 06:36:26'),(258,'RWB-2-008',11,'2021-04-03 06:36:26'),(259,'RWB-2-033',11,'2021-04-03 06:36:26'),(260,'RWB-2-003',3,'2021-04-03 07:33:50'),(261,'RWB-2-004',3,'2021-04-03 07:33:50'),(262,'RWB-2-016',3,'2021-04-03 07:33:50'),(263,'RWB-4-001',3,'2021-04-03 07:33:50'),(264,'RWB-6-002',3,'2021-04-03 07:33:50'),(265,'RWB-6-007',3,'2021-04-03 07:33:50'),(266,'RWB-6-011',3,'2021-04-03 07:33:50'),(267,'RWB-6-016',3,'2021-04-03 07:33:50'),(268,'RWB-2-036',3,'2021-04-03 07:33:50'),(269,'RWB-2-036',1,'2021-04-03 07:34:27'),(270,'RWB-2-027',3,'2021-04-06 09:43:03'),(271,'RWB-2-059',3,'2021-04-06 09:43:03'),(272,'RWB-2-002',3,'2021-04-06 09:43:03'),(273,'RWB-2-064',3,'2021-04-06 09:43:03'),(274,'RWB-2-055',3,'2021-04-06 09:43:03'),(275,'RWB-6-010',3,'2021-04-06 09:43:03'),(276,'RWB-6-017',3,'2021-04-06 09:43:03'),(277,'RWB-4-001',11,'2021-04-06 09:43:39'),(278,'RWB-6-005',11,'2021-04-06 11:54:20'),(279,'RWB-6-018',11,'2021-04-06 11:54:20'),(280,'RWB-6-019',11,'2021-04-06 11:54:20'),(281,'RWB-6-012',11,'2021-04-06 11:54:20'),(282,'RWB-4-001',11,'2021-04-06 11:54:20'),(283,'RWB-2-017',11,'2021-04-06 11:54:20'),(284,'RWB-6-018',11,'2021-04-06 11:54:39'),(285,'RWB-6-019',11,'2021-04-06 11:54:39'),(286,'RWB-6-005',11,'2021-04-06 11:54:39'),(287,'RWB-2-022',11,'2021-04-08 12:56:57'),(288,'RWB-2-041',11,'2021-04-08 12:56:57'),(289,'RWB-2-008',11,'2021-04-08 12:56:57'),(290,'RWB-2-023',11,'2021-04-08 12:56:57'),(291,'RWB-2-031',11,'2021-04-08 12:56:57'),(292,'RWB-2-006',11,'2021-04-08 12:56:57'),(293,'RWB-2-025',11,'2021-04-08 12:56:57'),(294,'RWB-2-033',11,'2021-04-08 12:56:57'),(295,'RWB-2-029',11,'2021-04-08 12:56:57'),(296,'RWB-2-045',11,'2021-04-08 12:56:57'),(297,'RWB-4-001',11,'2021-04-08 12:56:57'),(298,'RWB-6-012',11,'2021-04-08 12:56:57'),(299,'RWB-6-019',11,'2021-04-08 12:56:57'),(300,'RWB-2-017',11,'2021-04-08 12:56:57'),(301,'RWB-6-005',11,'2021-04-08 12:56:57'),(302,'RWB-6-018',11,'2021-04-08 12:56:57'),(303,'RWB-2-053',2,'2021-04-08 01:43:49'),(304,'RWB-2-035',2,'2021-04-08 01:47:53'),(305,'RWB-2-057',1,'2021-04-08 01:47:53'),(306,'RWB-2-040',1,'2021-04-08 01:47:53'),(307,'RWB-2-032',2,'2021-04-08 01:47:53'),(308,'RWB-2-024',1,'2021-04-08 01:47:53'),(309,'RWB-2-014',1,'2021-04-08 01:47:53'),(310,'RWB-6-021',1,'2021-04-08 01:47:53'),(311,'RWB-2-051',2,'2021-04-08 01:47:53'),(312,'RWB-2-012',1,'2021-04-08 01:47:53'),(313,'RWB-2-036',1,'2021-04-08 01:47:53'),(314,'RWB-2-021',1,'2021-04-08 01:47:53'),(315,'RWB-2-053',2,'2021-04-08 01:47:53'),(316,'RWB-2-065',1,'2021-04-08 01:47:53'),(317,'RWB-2-024',1,'2021-04-11 06:06:01'),(318,'RWB-2-032',1,'2021-04-11 06:06:01'),(319,'RWB-2-007',1,'2021-04-11 06:06:01'),(320,'RWB-2-066',2,'2021-04-11 06:06:01'),(321,'RWB-2-054',1,'2021-04-11 06:06:01'),(322,'RWB-2-061',2,'2021-04-11 06:06:01'),(323,'RWB-2-035',1,'2021-04-11 06:06:01'),(324,'RWB-2-051',1,'2021-04-11 06:06:01'),(325,'RWB-2-055',1,'2021-04-11 06:06:01'),(326,'RWB-2-016',1,'2021-04-11 06:06:01'),(327,'RWB-2-053',1,'2021-04-11 06:06:01'),(328,'RWB-2-042',1,'2021-04-11 06:06:01'),(329,'RWB-2-002',2,'2021-04-11 06:06:01'),(330,'RWB-2-036',11,'2021-04-11 06:07:24'),(331,'RWB-2-014',11,'2021-04-11 06:07:24'),(332,'RWB-2-065',11,'2021-04-11 06:07:24'),(333,'RWB-2-012',11,'2021-04-11 06:07:24'),(334,'RWB-2-030',11,'2021-04-11 06:07:24'),(335,'RWB-2-040',11,'2021-04-11 06:07:24'),(336,'RWB-6-011',11,'2021-04-11 06:07:24'),(337,'RWB-2-036',11,'2021-04-11 06:12:12'),(338,'RWB-6-011',11,'2021-04-11 06:12:12'),(339,'RWB-2-014',11,'2021-04-11 06:12:12'),(340,'RWB-2-030',11,'2021-04-11 06:12:12'),(341,'RWB-2-065',11,'2021-04-11 06:12:12'),(342,'RWB-2-040',11,'2021-04-11 06:12:12'),(343,'RWB-2-012',11,'2021-04-11 06:12:12'),(344,'RWB-2-012',11,'2021-04-11 06:12:30'),(345,'RWB-2-040',11,'2021-04-11 06:12:30'),(346,'RWB-6-011',11,'2021-04-11 06:12:30'),(347,'RWB-2-057',11,'2021-04-11 06:14:07'),(348,'RWB-2-021',11,'2021-04-11 06:14:07'),(349,'RWB-6-006',11,'2021-04-11 06:15:15'),(350,'RWB-6-021',11,'2021-04-11 06:15:15'),(351,'RWB-2-044',3,'2021-04-11 06:21:00'),(352,'RWB-2-001',3,'2021-04-11 06:21:00'),(353,'RWB-2-026',3,'2021-04-11 06:21:00'),(354,'RWB-2-049',3,'2021-04-11 06:21:00'),(355,'RWB-6-001',3,'2021-04-11 06:21:00'),(356,'RWB-6-018',3,'2021-04-11 06:21:00'),(357,'RWB-6-012',3,'2021-04-11 06:21:00'),(358,'RWB-2-043',3,'2021-04-11 06:21:00'),(359,'RWB-2-043',1,'2021-04-15 08:11:35'),(360,'RWB-6-001',11,'2021-04-15 08:11:35'),(361,'RWB-2-015',3,'2021-04-18 12:07:32'),(362,'RWB-2-062',3,'2021-04-18 12:07:32'),(363,'RWB-2-050',3,'2021-04-18 12:07:32'),(364,'RWB-2-048',3,'2021-04-18 12:07:32'),(365,'RWB-2-063',3,'2021-04-18 12:07:32'),(366,'RWB-2-047',3,'2021-04-18 12:07:32'),(367,'RWB-2-007',1,'2021-04-18 12:09:05'),(368,'RWB-2-016',1,'2021-04-18 12:09:05'),(369,'RWB-2-042',1,'2021-04-18 12:09:05'),(370,'RWB-2-053',1,'2021-04-18 12:09:05'),(371,'RWB-2-002',1,'2021-04-18 12:09:05'),(372,'RWB-2-032',1,'2021-04-18 12:09:05'),(373,'RWB-2-061',1,'2021-04-18 12:09:05'),(374,'RWB-2-051',1,'2021-04-18 12:09:05'),(375,'RWB-2-066',1,'2021-04-18 12:09:05'),(376,'RWB-2-043',1,'2021-04-18 12:09:05'),(377,'RWB-2-054',1,'2021-04-18 12:09:05'),(378,'RWB-2-035',2,'2021-04-18 12:09:05'),(379,'RWB-6-001',11,'2021-04-18 12:09:05'),(380,'RWB-6-006',11,'2021-04-18 12:09:05'),(381,'RWB-2-024',11,'2021-04-18 12:09:05'),(382,'RWB-2-055',11,'2021-04-18 12:09:05'),(383,'RWB-2-007',11,'2021-04-22 11:52:53'),(384,'RWB-2-043',1,'2021-04-22 11:15:46'),(385,'RWB-2-026',1,'2021-04-22 11:15:46'),(386,'RWB-2-066',1,'2021-04-22 11:15:46'),(387,'RWB-2-054',1,'2021-04-22 11:15:46'),(388,'RWB-2-035',2,'2021-04-22 11:15:46'),(389,'RWB-2-032',1,'2021-04-22 11:15:46'),(390,'RWB-2-028',1,'2021-04-22 11:15:46'),(391,'RWB-2-051',1,'2021-04-22 11:15:46'),(392,'RWB-2-003',1,'2021-04-22 11:15:46'),(393,'RWB-2-002',1,'2021-04-22 11:15:46'),(394,'RWB-2-053',1,'2021-04-22 11:15:46'),(395,'RWB-2-042',1,'2021-04-22 11:15:46'),(396,'RWB-2-056',2,'2021-04-22 11:15:46'),(397,'RWB-2-026',2,'2021-04-22 11:18:47'),(398,'RWB-2-016',11,'2021-04-22 11:20:21'),(399,'RWB-2-007',11,'2021-04-23 12:33:52'),(400,'RWB-2-016',11,'2021-04-23 12:33:52'),(401,'RWB-2-057',11,'2021-04-23 12:33:52'),(402,'RWB-2-022',3,'2021-04-23 10:11:12'),(403,'RWB-2-013',3,'2021-04-23 10:11:12'),(404,'RWB-2-045',3,'2021-04-23 10:11:12'),(405,'RWB-2-018',3,'2021-04-23 10:11:12'),(406,'RWB-2-029',3,'2021-04-23 10:11:12'),(407,'RWB-2-046',3,'2021-04-23 10:11:12'),(408,'RWB-6-006',11,'2021-04-24 03:53:56'),(409,'RWB-6-021',11,'2021-04-24 03:53:56'),(410,'RWB-6-006',11,'2021-04-24 03:53:56'),(411,'RWB-2-043',11,'2021-04-24 03:53:56'),(412,'RWB-2-024',11,'2021-04-24 03:53:56'),(413,'RWB-2-055',11,'2021-04-24 03:53:56'),(414,'RWB-6-006',11,'2021-04-24 03:54:09'),(415,'RWB-6-001',11,'2021-04-24 03:55:44'),(416,'RWB-2-021',11,'2021-04-24 04:18:39'),(417,'RWB-6-006',11,'2021-04-24 09:01:57'),(418,'RWB-6-001',11,'2021-04-24 09:01:57'),(419,'RWB-6-021',11,'2021-04-24 09:01:57'),(420,'RWB-2-043',11,'2021-04-24 09:01:57'),(421,'RWB-2-055',11,'2021-04-24 09:01:57'),(422,'RWB-2-021',11,'2021-04-24 09:01:57'),(423,'RWB-2-024',11,'2021-04-24 09:01:57'),(424,'RWB-2-016',11,'2021-04-24 09:01:57'),(425,'RWB-2-007',11,'2021-04-24 09:01:57'),(426,'RWB-2-057',11,'2021-04-24 09:01:57'),(427,'RWB-2-042',11,'2021-04-26 07:10:04'),(428,'RWB-6-001',11,'2021-04-27 12:27:21'),(429,'RWB-6-020',11,'2021-04-28 07:30:40'),(430,'RWB-6-008',11,'2021-04-28 07:31:03'),(431,'RWB-2-006',3,'2021-04-28 08:47:09'),(432,'RWB-2-017',3,'2021-04-28 08:47:41'),(433,'RWB-2-031',3,'2021-04-28 08:48:10'),(434,'RWB-2-005',3,'2021-04-28 08:48:44'),(435,'RWB-6-005',3,'2021-04-28 08:49:16'),(436,'RWB-6-018',3,'2021-04-28 08:49:39'),(437,'RWB-2-025',3,'2021-04-28 09:00:10'),(438,'RWB-6-021',3,'2021-04-28 09:00:55'),(439,'RWB-6-021',1,'2021-04-29 12:01:43'),(440,'RWB-6-003',1,'2021-04-29 12:02:49'),(441,'RWB-6-016',1,'2021-04-29 12:03:10'),(442,'RWB-2-002',11,'2021-04-29 12:04:01'),(443,'RWB-2-003',11,'2021-04-29 12:04:23'),(444,'RWB-2-051',11,'2021-04-29 12:04:50'),(445,'RWB-6-003',11,'2021-04-30 09:10:24'),(446,'RWB-6-016',11,'2021-04-30 09:10:48'),(447,'RWB-2-004',1,'2021-04-30 09:13:53'),(448,'RWB-2-025',1,'2021-05-01 11:27:48'),(449,'RWB-2-009',2,'2021-05-01 11:28:07'),(450,'RWB-2-009',1,'2021-05-01 12:26:37'),(451,'RWB-2-054',11,'2021-05-01 12:27:02'),(452,'RWB-2-028',11,'2021-05-01 12:27:30'),(453,'RWB-2-058',1,'2021-05-01 12:28:28'),(454,'RWB-2-026',1,'2021-05-01 12:31:22'),(455,'RWB-2-064',1,'2021-05-01 12:31:37'),(456,'RWB-6-009',8,'2021-05-04 03:24:27'),(457,'RWB-2-067',1,'2021-05-07 08:43:35'),(458,'RWB-2-058',11,'2021-05-07 08:57:17'),(459,'RWB-2-053',11,'2021-05-07 08:59:46'),(460,'RWB-2-061',11,'2021-05-07 09:01:02'),(461,'RWB-2-026',11,'2021-05-07 09:01:25'),(462,'RWB-2-009',1,'2021-05-07 09:17:06'),(463,'RWB-2-026',1,'2021-05-07 09:17:06'),(464,'RWB-2-067',1,'2021-05-07 09:17:06'),(465,'RWB-2-032',1,'2021-05-07 09:17:06'),(466,'RWB-2-052',1,'2021-05-07 09:17:06'),(467,'RWB-2-005',1,'2021-05-07 09:17:06'),(468,'RWB-2-064',1,'2021-05-07 09:17:06'),(469,'RWB-2-004',1,'2021-05-07 09:17:06'),(470,'RWB-2-038',1,'2021-05-07 09:17:06'),(471,'RWB-6-021',1,'2021-05-07 09:17:06'),(472,'RWB-2-056',1,'2021-05-07 09:17:06'),(473,'RWB-2-035',2,'2021-05-07 09:17:06'),(474,'RWB-2-025',11,'2021-05-07 09:18:53'),(475,'RWB-2-066',11,'2021-05-07 09:19:11'),(476,'RWB-6-009',11,'2021-05-07 09:19:28'),(477,'RWB-C-003',3,'2021-05-08 11:18:10'),(478,'RWB-C-003',1,'2021-05-08 11:18:22'),(479,'RWB-C-002',11,'2021-05-08 11:19:33'),(480,'RWB-2-013',2,'2021-05-08 11:26:33'),(481,'RWB-6-002',2,'2021-05-08 11:31:11'),(482,'RWB-6-007',2,'2021-05-08 11:31:30'),(483,'RWB-6-021',11,'2021-05-08 11:31:48'),(484,'RWB-2-031',2,'2021-05-08 04:30:33'),(485,'RWB-6-019',3,'2021-05-08 05:59:53'),(486,'RWB-6-019',11,'2021-05-08 06:00:08'),(487,'RWB-6-017',11,'2021-05-08 06:00:30'),(488,'RWB-2-023',3,'2021-05-08 07:38:32'),(489,'RWB-2-024',3,'2021-05-08 07:38:32'),(490,'RWB-2-041',3,'2021-05-08 07:38:32'),(491,'RWB-2-008',3,'2021-05-08 07:38:32'),(492,'RWB-2-033',3,'2021-05-08 07:38:32'),(493,'RWB-4-001',3,'2021-05-08 07:38:32'),(494,'RWB-6-001',3,'2021-05-08 07:38:32'),(495,'RWB-6-006',3,'2021-05-08 07:38:32'),(496,'RWB-2-048',2,'2021-05-08 10:33:40'),(497,'RWB-2-048',1,'2021-05-08 10:43:39'),(498,'RWB-2-038',2,'2021-05-08 10:43:58'),(499,'RWB-2-067',2,'2021-05-08 10:44:25'),(500,'RWB-2-013',1,'2021-05-08 10:44:45'),(501,'RWB-2-004',11,'2021-05-08 10:46:51'),(502,'RWB-6-007',11,'2021-05-08 10:47:09'),(503,'RWB-6-007',11,'2021-05-08 10:47:37'),(504,'RWB-6-002',1,'2021-05-08 10:48:28'),(505,'RWB-2-061',11,'2021-05-09 12:02:59'),(506,'RWB-2-053',11,'2021-05-09 12:02:59'),(507,'RWB-2-051',11,'2021-05-09 12:02:59'),(508,'RWB-2-003',11,'2021-05-09 12:02:59'),(509,'RWB-2-054',11,'2021-05-09 12:02:59'),(510,'RWB-2-058',11,'2021-05-09 12:02:59'),(511,'RWB-6-017',11,'2021-05-09 12:02:59'),(512,'RWB-6-009',11,'2021-05-09 12:02:59'),(513,'RWB-6-008',11,'2021-05-09 12:02:59'),(514,'RWB-6-003',11,'2021-05-09 12:02:59'),(515,'RWB-6-020',11,'2021-05-09 12:02:59'),(516,'RWB-6-019',11,'2021-05-09 12:02:59'),(517,'RWB-6-008',11,'2021-05-09 05:15:05'),(518,'RWB-6-020',11,'2021-05-09 05:15:05'),(519,'RWB-6-003',11,'2021-05-09 06:12:07'),(520,'RWB-6-008',11,'2021-05-09 06:12:07'),(521,'RWB-6-017',11,'2021-05-09 06:12:07'),(522,'RWB-6-019',11,'2021-05-09 06:12:07'),(523,'RWB-6-020',11,'2021-05-09 06:12:07'),(524,'RWB-2-054',11,'2021-05-09 06:12:07'),(525,'RWB-2-058',11,'2021-05-09 06:12:07'),(526,'RWB-2-053',11,'2021-05-09 06:12:07'),(527,'RWB-6-009',11,'2021-05-09 06:12:07'),(528,'RWB-2-061',11,'2021-05-09 06:12:07'),(529,'RWB-2-042',11,'2021-05-09 06:12:07'),(530,'RWB-2-003',11,'2021-05-09 06:12:07'),(531,'RWB-6-009',11,'2021-05-09 06:12:34'),(532,'RWB-2-003',11,'2021-05-09 06:12:34'),(533,'RWB-6-018',8,'2021-05-11 08:12:45'),(534,'RWB-6-011',3,'2021-05-11 08:46:14'),(535,'RWB-6-008',3,'2021-05-11 08:48:14'),(536,'RWB-6-003',3,'2021-05-11 08:49:31'),(537,'RWB-2-007',3,'2021-05-11 08:50:01'),(538,'RWB-2-014',3,'2021-05-11 08:50:20'),(539,'RWB-2-030',3,'2021-05-11 08:50:43'),(540,'RWB-2-055',3,'2021-05-11 08:50:59'),(541,'RWB-2-040',3,'2021-05-11 09:07:53'),(542,'RWB-6-016',11,'2021-05-12 01:12:22'),(543,'RWB-6-021',11,'2021-05-12 01:12:39'),(544,'RWB-6-015',11,'2021-05-12 01:26:45'),(545,'RWB-2-025',11,'2021-05-12 01:27:03'),(546,'RWB-2-004',11,'2021-05-12 02:15:39'),(547,'RWB-2-002',11,'2021-05-12 02:15:53'),(548,'RWB-2-066',11,'2021-05-12 02:21:17'),(549,'RWB-2-028',11,'2021-05-12 02:21:32'),(550,'RWB-C-003',11,'2021-05-12 02:22:09'),(551,'RWB-C-003',11,'2021-05-12 02:22:22'),(552,'RWB-2-055',2,'2021-05-12 05:09:11'),(553,'RWB-2-040',1,'2021-05-12 05:09:35'),(554,'RWB-2-006',2,'2021-05-12 05:10:05'),(555,'RWB-2-031',1,'2021-05-12 05:10:24'),(556,'RWB-6-019',3,'2021-05-14 05:18:32'),(557,'RWB-6-020',3,'2021-05-14 05:19:34'),(558,'RWB-6-009',3,'2021-05-14 05:19:56'),(559,'RWB-2-016',3,'2021-05-14 05:20:16'),(560,'RWB-2-021',3,'2021-05-14 05:21:00'),(561,'RWB-2-043',3,'2021-05-14 05:21:48'),(562,'RWB-2-012',3,'2021-05-14 05:22:05'),(563,'RWB-2-036',3,'2021-05-14 05:28:15'),(564,'RWB-6-020',1,'2021-05-14 05:28:47'),(565,'RWB-2-064',11,'2021-05-14 07:46:09'),(566,'RWB-6-007',11,'2021-05-14 09:16:18'),(567,'RWB-6-007',11,'2021-05-14 09:16:26'),(568,'RWB-6-010',11,'2021-05-14 09:16:40'),(569,'RWB-6-010',11,'2021-05-14 09:16:44'),(570,'RWB-2-005',11,'2021-05-14 09:17:13'),(571,'RWB-2-005',11,'2021-05-14 09:17:18'),(572,'RWB-2-006',11,'2021-05-18 06:51:01'),(573,'RWB-2-009',11,'2021-05-18 06:51:01'),(574,'RWB-2-013',11,'2021-05-18 06:51:01'),(575,'RWB-2-026',11,'2021-05-18 06:51:01'),(576,'RWB-2-031',11,'2021-05-18 06:51:01'),(577,'RWB-2-032',11,'2021-05-18 06:51:01'),(578,'RWB-2-035',11,'2021-05-18 06:51:01'),(579,'RWB-2-038',11,'2021-05-18 06:51:01'),(580,'RWB-2-040',11,'2021-05-18 06:51:01'),(581,'RWB-2-048',11,'2021-05-18 06:51:01'),(582,'RWB-2-052',11,'2021-05-18 06:51:01'),(583,'RWB-2-055',11,'2021-05-18 06:51:01'),(584,'RWB-2-056',11,'2021-05-18 06:51:01'),(585,'RWB-2-067',11,'2021-05-18 06:51:01'),(586,'RWB-6-002',11,'2021-05-18 06:51:01'),(587,'RWB-6-020',11,'2021-05-18 06:51:01'),(588,'RWB-2-027',1,'2021-05-18 06:52:01'),(589,'RWB-2-048',1,'2021-05-18 06:52:01'),(590,'RWB-2-040',1,'2021-05-18 06:52:01'),(591,'RWB-2-056',1,'2021-05-18 06:52:01'),(592,'RWB-2-006',1,'2021-05-18 06:52:01'),(593,'RWB-2-052',1,'2021-05-18 06:52:01'),(594,'RWB-2-008',1,'2021-05-18 06:52:01'),(595,'RWB-2-036',1,'2021-05-18 06:52:01'),(596,'RWB-2-044',1,'2021-05-18 06:52:01'),(597,'RWB-2-045',1,'2021-05-18 06:52:01'),(598,'RWB-2-011',1,'2021-05-18 06:52:01'),(599,'RWB-2-038',2,'2021-05-18 06:52:01'),(600,'RWB-2-055',2,'2021-05-18 06:52:01'),(601,'RWB-2-035',2,'2021-05-18 06:52:01'),(602,'RWB-2-017',2,'2021-05-18 06:52:01'),(603,'RWB-2-016',2,'2021-05-18 06:52:01'),(604,'RWB-6-002',11,'2021-05-18 07:09:47'),(605,'RWB-6-003',11,'2021-05-18 07:09:47'),(606,'RWB-2-004',11,'2021-05-18 07:09:47'),(607,'RWB-2-020',11,'2021-05-18 07:09:47'),(608,'RWB-4-001',11,'2021-05-18 07:09:47'),(609,'RWB-2-013',11,'2021-05-18 07:09:47'),(610,'RWB-2-031',11,'2021-05-18 07:09:47'),(611,'RWB-2-026',11,'2021-05-18 07:09:47'),(612,'RWB-2-009',11,'2021-05-18 07:09:47'),(613,'RWB-2-067',11,'2021-05-18 07:09:47'),(614,'RWB-2-032',11,'2021-05-18 07:09:47'),(615,'RWB-2-028',11,'2021-05-18 07:57:58'),(616,'RWB-2-066',11,'2021-05-18 07:57:58'),(617,'RWB-2-002',11,'2021-05-18 07:57:58'),(618,'RWB-2-005',11,'2021-05-18 07:57:58'),(619,'RWB-2-025',11,'2021-05-18 07:57:58'),(620,'RWB-2-004',11,'2021-05-18 07:57:58'),(621,'RWB-2-040',11,'2021-05-21 05:42:39'),(622,'RWB-2-055',1,'2021-05-21 05:42:57'),(623,'RWB-2-006',11,'2021-05-21 10:02:15'),(624,'RWB-2-052',11,'2021-05-21 10:02:31'),(625,'RWB-2-017',1,'2021-05-21 10:03:44'),(626,'RWB-2-035',1,'2021-05-21 10:04:00'),(627,'RWB-2-010',1,'2021-05-22 06:15:27'),(628,'RWB-2-035',2,'2021-05-22 06:16:09'),(629,'RWB-6-021',11,'2021-05-23 12:52:01'),(630,'RWB-6-007',11,'2021-05-23 02:01:30'),(631,'RWB-6-021',11,'2021-05-23 02:01:30'),(632,'RWB-6-015',11,'2021-05-23 02:01:30'),(633,'RWB-6-016',11,'2021-05-23 02:01:30'),(634,'RWB-6-010',11,'2021-05-23 02:01:30'),(635,'RWB-2-003',3,'2021-05-23 03:13:36'),(636,'RWB-2-054',3,'2021-05-23 03:13:36'),(637,'RWB-2-057',3,'2021-05-23 03:13:36'),(638,'RWB-2-058',3,'2021-05-23 03:13:36'),(639,'RWB-2-061',3,'2021-05-23 03:13:36'),(640,'RWB-6-015',3,'2021-05-23 03:13:36'),(641,'RWB-6-017',3,'2021-05-23 03:13:36'),(642,'RWB-4-001',11,'2021-05-25 11:13:46'),(643,'RWB-4-001',11,'2021-05-27 10:36:41'),(644,'RWB-6-004',11,'2021-05-27 10:48:36'),(645,'RWB-6-009',11,'2021-05-27 10:51:13'),(646,'RWB-6-008',11,'2021-05-27 10:51:13'),(647,'RWB-6-002',11,'2021-05-27 10:51:13'),(648,'RWB-6-003',11,'2021-05-27 10:51:13'),(649,'RWB-6-004',11,'2021-05-27 10:51:13'),(650,'RWB-6-014',11,'2021-05-27 10:51:13'),(651,'RWB-2-006',11,'2021-05-27 10:51:13'),(652,'RWB-2-045',11,'2021-05-27 10:51:13'),(653,'RWB-2-032',11,'2021-05-27 10:51:13'),(654,'RWB-2-011',11,'2021-05-27 10:51:13'),(655,'RWB-2-067',11,'2021-05-27 10:51:13'),(656,'RWB-2-031',11,'2021-05-27 10:51:13'),(657,'RWB-2-032',11,'2021-05-27 10:52:22'),(658,'RWB-2-004',3,'2021-05-28 08:28:39'),(659,'RWB-2-005',3,'2021-05-28 08:28:39'),(660,'RWB-2-028',3,'2021-05-28 08:28:39'),(661,'RWB-2-053',3,'2021-05-28 08:28:39'),(662,'RWB-2-065',3,'2021-05-28 08:28:39'),(663,'RWB-2-042',3,'2021-05-28 08:28:39'),(664,'RWB-6-007',3,'2021-05-28 08:28:39'),(665,'RWB-6-021',3,'2021-05-28 08:28:39'),(666,'RWB-2-028',3,'2021-05-28 10:31:19'),(667,'RWB-2-027',11,'2021-05-29 12:23:11'),(668,'RWB-2-026',11,'2021-05-29 12:35:53'),(669,'RWB-2-048',11,'2021-05-29 12:35:53'),(670,'RWB-2-040',11,'2021-05-29 12:35:53'),(671,'RWB-2-036',11,'2021-05-29 12:35:53'),(672,'RWB-2-064',11,'2021-05-29 12:35:53'),(673,'RWB-2-009',11,'2021-05-29 12:35:53'),(674,'RWB-2-013',11,'2021-05-29 12:35:53'),(675,'RWB-2-052',11,'2021-05-29 12:35:53'),(676,'RWB-2-051',11,'2021-05-29 12:39:31'),(677,'RWB-6-021',11,'2021-05-29 06:03:49'),(678,'RWB-6-021',11,'2021-05-29 06:14:25'),(679,'RWB-2-051',11,'2021-05-30 12:13:10'),(680,'RWB-6-009',11,'2021-05-30 12:13:43'),(681,'RWB-6-008',11,'2021-05-30 12:13:43'),(682,'RWB-6-002',11,'2021-05-30 12:13:43'),(683,'RWB-6-003',11,'2021-05-30 12:13:43'),(684,'RWB-6-004',11,'2021-05-30 12:13:43'),(685,'RWB-6-014',11,'2021-05-30 12:13:43'),(686,'RWB-2-032',11,'2021-05-30 12:13:43'),(687,'RWB-2-006',11,'2021-05-30 12:13:43'),(688,'RWB-2-045',11,'2021-05-30 12:13:43'),(689,'RWB-2-011',11,'2021-05-30 12:13:43'),(690,'RWB-2-067',11,'2021-05-30 12:13:43'),(691,'RWB-2-031',11,'2021-05-30 12:13:43'),(692,'RWB-2-027',11,'2021-05-30 12:13:43'),(693,'RWB-2-026',11,'2021-05-30 12:13:43'),(694,'RWB-2-048',11,'2021-05-30 12:13:43'),(695,'RWB-2-040',11,'2021-05-30 12:13:43'),(696,'RWB-2-036',11,'2021-05-30 12:13:43'),(697,'RWB-2-064',11,'2021-05-30 12:13:43'),(698,'RWB-2-009',11,'2021-05-30 12:13:43'),(699,'RWB-2-013',11,'2021-05-30 12:13:43'),(700,'RWB-2-052',11,'2021-05-30 12:13:43'),(701,'RWB-2-051',11,'2021-05-30 12:13:43'),(702,'RWB-6-007',11,'2021-05-30 12:15:35'),(703,'RWB-6-015',11,'2021-05-30 12:15:35'),(704,'RWB-6-021',11,'2021-05-30 12:15:35'),(705,'RWB-6-020',11,'2021-05-30 01:31:21'),(706,'RWB-6-020',11,'2021-05-30 01:31:35'),(707,'RWB-6-005',11,'2021-05-30 01:42:33'),(708,'RWB-6-005',11,'2021-05-30 01:42:38'),(709,'RWB-2-028',11,'2021-05-31 02:46:48'),(710,'RWB-2-038',11,'2021-06-02 04:50:56'),(711,'RWB-2-038',11,'2021-06-02 04:51:08'),(712,'RWB-6-010',3,'2021-06-02 06:02:13'),(713,'RWB-2-036',3,'2021-06-02 06:03:08'),(714,'RWB-2-002',3,'2021-06-02 06:03:50'),(715,'RWB-2-066',3,'2021-06-02 06:04:18'),(716,'RWB-6-016',3,'2021-06-02 06:04:53'),(717,'RWB-2-025',3,'2021-06-02 06:05:53'),(718,'RWB-2-048',3,'2021-06-02 06:26:10'),(719,'RWB-2-033',2,'2021-06-02 07:48:58'),(720,'RWB-2-059',1,'2021-06-02 07:50:29'),(721,'RWB-2-056',1,'2021-06-02 07:59:58'),(722,'RWB-2-019',2,'2021-06-02 07:59:58'),(723,'RWB-2-062',1,'2021-06-02 07:59:58'),(724,'RWB-2-055',1,'2021-06-02 07:59:58'),(725,'RWB-2-017',1,'2021-06-02 07:59:58'),(726,'RWB-2-035',2,'2021-06-02 07:59:58'),(727,'RWB-2-018',1,'2021-06-02 07:59:58'),(728,'RWB-2-029',2,'2021-06-02 07:59:58'),(729,'RWB-2-016',1,'2021-06-02 07:59:58'),(730,'RWB-2-044',1,'2021-06-02 07:59:58'),(731,'RWB-2-060',1,'2021-06-02 07:59:58'),(732,'RWB-2-053',1,'2021-06-02 07:59:58'),(733,'RWB-2-007',2,'2021-06-02 07:59:58'),(734,'RWB-2-055',11,'2021-06-03 08:36:12'),(735,'RWB-6-001',11,'2021-06-04 09:00:24'),(736,'RWB-6-006',11,'2021-06-04 09:00:47'),(737,'RWB-2-008',11,'2021-06-05 02:28:34'),(738,'RWB-2-033',1,'2021-06-05 02:29:00'),(739,'RWB-6-019',11,'2021-06-05 03:28:53'),(740,'RWB-6-012',11,'2021-06-05 03:52:46'),(741,'RWB-2-018',11,'2021-06-05 03:59:19'),(742,'RWB-2-015',2,'2021-06-05 04:11:26'),(743,'RWB-2-012',2,'2021-06-05 04:11:40'),(744,'RWB-2-053',2,'2021-06-05 04:11:52'),(745,'RWB-2-015',1,'2021-06-07 10:24:07'),(746,'RWB-2-007',1,'2021-06-07 10:25:07'),(747,'RWB-2-012',1,'2021-06-07 10:25:29'),(748,'RWB-2-029',1,'2021-06-07 10:26:26'),(749,'RWB-2-062',11,'2021-06-07 10:27:42'),(750,'RWB-2-017',11,'2021-06-07 10:28:05'),(751,'RWB-6-001',11,'2021-06-07 03:57:28'),(752,'RWB-6-019',11,'2021-06-07 03:58:09'),(753,'RWB-6-006',11,'2021-06-07 03:58:52'),(754,'RWB-C-004',3,'2021-06-07 11:04:20'),(755,'RWB-2-052',3,'2021-06-08 09:06:14'),(756,'RWB-2-013',3,'2021-06-08 09:06:14'),(757,'RWB-2-009',3,'2021-06-08 09:06:14'),(758,'RWB-2-027',3,'2021-06-08 09:06:14'),(759,'RWB-2-040',3,'2021-06-08 09:06:14'),(760,'RWB-2-010',11,'2021-06-09 05:20:05'),(761,'RWB-2-035',1,'2021-06-09 05:20:44'),(762,'RWB-2-044',11,'2021-06-10 07:59:44'),(763,'RWB-2-049',1,'2021-06-10 08:00:21'),(764,'RWB-2-056',11,'2021-06-10 08:02:50'),(765,'RWB-2-016',11,'2021-06-10 08:07:50'),(766,'RWB-2-011',3,'2021-06-10 11:23:14'),(767,'RWB-2-031',3,'2021-06-10 11:23:14'),(768,'RWB-2-026',3,'2021-06-10 11:23:14'),(769,'RWB-2-045',3,'2021-06-10 11:23:14'),(770,'RWB-2-064',3,'2021-06-10 11:23:14'),(771,'RWB-6-004',3,'2021-06-10 11:23:14'),(772,'RWB-6-008',3,'2021-06-10 11:23:14'),(773,'RWB-6-020',3,'2021-06-10 11:23:14'),(774,'RWB-2-005',11,'2021-06-11 05:33:27'),(775,'RWB-2-005',11,'2021-06-11 08:30:37'),(776,'RWB-2-010',11,'2021-06-11 08:31:07'),(777,'RWB-2-044',11,'2021-06-11 09:42:23'),(778,'RWB-2-062',11,'2021-06-11 09:42:45'),(779,'RWB-2-016',11,'2021-06-11 09:45:20'),(780,'RWB-2-056',11,'2021-06-11 09:51:47'),(781,'RWB-2-056',11,'2021-06-11 10:37:11'),(782,'RWB-2-016',11,'2021-06-11 10:37:34'),(783,'RWB-2-057',2,'2021-06-12 11:40:54'),(784,'RWB-2-042',2,'2021-06-12 11:41:19'),(785,'RWB-2-046',2,'2021-06-12 11:41:34'),(786,'RWB-2-027',2,'2021-06-12 11:42:40'),(787,'RWB-2-014',2,'2021-06-12 11:43:01'),(788,'RWB-2-053',1,'2021-06-12 11:44:08'),(789,'RWB-2-019',1,'2021-06-12 11:44:24'),(790,'RWB-2-007',11,'2021-06-12 06:22:14'),(791,'RWB-6-011',11,'2021-06-12 06:23:44'),(792,'RWB-6-017',11,'2021-06-12 06:24:23'),(793,'RWB-6-020',11,'2021-06-12 06:25:19'),(794,'RWB-6-008',11,'2021-06-12 06:25:45'),(795,'RWB-2-014',1,'2021-06-12 06:30:24'),(796,'RWB-2-029',11,'2021-06-12 07:23:38'),(797,'RWB-2-046',1,'2021-06-12 07:24:38'),(798,'RWB-2-008',11,'2021-06-12 08:27:57'),(799,'RWB-2-055',11,'2021-06-12 08:28:23'),(800,'RWB-6-017',11,'2021-06-12 08:41:05'),(801,'RWB-6-020',11,'2021-06-12 08:41:26'),(802,'RWB-6-021',11,'2021-06-13 05:32:02'),(803,'RWB-6-012',11,'2021-06-13 05:32:02'),(804,'RWB-6-015',11,'2021-06-13 05:32:02'),(805,'RWB-6-007',11,'2021-06-13 05:32:02'),(806,'RWB-6-008',11,'2021-06-13 05:32:02'),(807,'RWB-6-011',11,'2021-06-13 05:32:02'),(808,'RWB-2-038',11,'2021-06-13 05:32:02'),(809,'RWB-2-028',11,'2021-06-13 05:32:02'),(810,'RWB-2-017',11,'2021-06-13 05:32:02'),(811,'RWB-2-018',11,'2021-06-13 05:32:02'),(812,'RWB-2-060',11,'2021-06-13 05:32:02'),(813,'RWB-2-007',11,'2021-06-13 05:32:02'),(814,'RWB-2-059',11,'2021-06-13 05:34:48'),(815,'RWB-2-057',1,'2021-06-13 05:35:14'),(816,'RWB-2-060',11,'2021-06-13 08:35:06'),(817,'RWB-2-007',11,'2021-06-13 08:35:06'),(818,'RWB-6-020',11,'2021-06-13 08:35:06'),(819,'RWB-6-017',11,'2021-06-13 08:35:06'),(820,'RWB-2-008',11,'2021-06-13 08:35:06'),(821,'RWB-2-038',11,'2021-06-13 08:35:06'),(822,'RWB-2-055',11,'2021-06-13 08:35:06'),(823,'RWB-2-017',11,'2021-06-13 08:35:06'),(824,'RWB-6-012',11,'2021-06-13 08:35:06'),(825,'RWB-6-008',11,'2021-06-13 08:35:06'),(826,'RWB-6-011',11,'2021-06-13 08:35:06'),(827,'RWB-6-007',11,'2021-06-13 08:35:06'),(828,'RWB-6-015',11,'2021-06-13 08:35:06'),(829,'RWB-6-021',11,'2021-06-13 08:35:06'),(830,'RWB-2-028',11,'2021-06-13 08:35:06'),(831,'RWB-2-018',11,'2021-06-13 08:35:06'),(832,'RWB-2-006',3,'2021-06-14 08:22:29'),(833,'RWB-2-051',3,'2021-06-14 08:22:29'),(834,'RWB-2-032',3,'2021-06-14 08:22:29'),(835,'RWB-2-028',3,'2021-06-14 08:22:29'),(836,'RWB-2-038',3,'2021-06-14 08:22:29'),(837,'RWB-6-009',3,'2021-06-14 08:22:29'),(838,'RWB-6-005',3,'2021-06-14 08:22:29'),(839,'RWB-6-002',3,'2021-06-14 08:22:29'),(840,'RWB-6-021',3,'2021-06-14 08:22:29'),(841,'RWB-2-038',1,'2021-06-15 08:55:55'),(842,'RWB-6-021',2,'2021-06-15 08:56:28'),(843,'RWB-2-014',1,'2021-06-15 11:02:15'),(844,'RWB-2-047',2,'2021-06-15 11:04:44'),(845,'RWB-4-001',11,'2021-06-15 11:07:18'),(846,'RWB-6-019',11,'2021-06-15 11:07:18'),(847,'RWB-6-001',11,'2021-06-15 11:07:18'),(848,'RWB-6-006',11,'2021-06-15 11:07:18'),(849,'RWB-2-010',11,'2021-06-15 11:07:18'),(850,'RWB-2-062',11,'2021-06-15 11:07:18'),(851,'RWB-2-044',11,'2021-06-15 11:07:18'),(852,'RWB-2-056',11,'2021-06-15 11:07:18'),(853,'RWB-2-005',11,'2021-06-15 11:07:18'),(854,'RWB-2-016',11,'2021-06-15 11:07:18'),(855,'RWB-2-029',11,'2021-06-15 11:08:44'),(856,'RWB-2-029',11,'2021-06-15 11:08:59'),(857,'RWB-2-007',3,'2021-06-17 08:44:39'),(858,'RWB-2-017',3,'2021-06-17 08:44:39'),(859,'RWB-2-018',3,'2021-06-17 08:44:39'),(860,'RWB-2-055',3,'2021-06-17 08:44:39'),(861,'RWB-4-001',3,'2021-06-17 08:44:39'),(862,'RWB-6-003',3,'2021-06-17 08:44:39'),(863,'RWB-6-007',3,'2021-06-17 08:44:39'),(864,'RWB-6-014',3,'2021-06-17 08:44:39'),(865,'RWB-6-015',3,'2021-06-17 08:44:39'),(866,'RWB-2-030',2,'2021-06-17 08:45:24'),(867,'RWB-C-001',11,'2021-06-18 00:00:00'),(868,'RWB-C-002',11,'2021-06-18 00:00:00'),(869,'RWB-C-003',11,'2021-06-18 00:00:00'),(870,'RWB-C-004',11,'2021-06-18 00:00:00'),(871,'RWB-2-053',11,'2021-06-19 01:02:25'),(872,'RWB-2-042',1,'2021-06-19 01:02:51'),(873,'RWB-6-005',11,'2021-06-19 02:16:32'),(874,'RWB-6-009',11,'2021-06-19 02:16:32'),(875,'RWB-2-053',11,'2021-06-19 00:00:00'),(876,'RWB-2-059',11,'2021-06-19 00:00:00'),(877,'RWB-6-005',11,'2021-06-19 00:00:00'),(878,'RWB-6-009',11,'2021-06-19 00:00:00'),(879,'RWB-C-001',11,'2021-06-19 00:00:00'),(880,'RWB-2-014',11,'2021-06-19 09:01:44'),(881,'RWB-2-030',1,'2021-06-19 09:02:03'),(882,'RWB-6-004',8,'2021-06-20 12:10:42'),(883,'RWB-2-059',11,'2021-06-20 03:32:45'),(884,'RWB-2-053',11,'2021-06-20 03:32:45'),(885,'RWB-6-005',11,'2021-06-20 03:32:45'),(886,'RWB-6-009',11,'2021-06-20 03:32:45'),(887,'RWB-2-046',11,'2021-06-20 03:43:19'),(888,'RWB-2-033',11,'2021-06-20 03:43:31'),(889,'RWB-2-022',1,'2021-06-20 06:21:04'),(890,'RWB-2-024',1,'2021-06-20 06:21:16'),(891,'RWB-2-065',1,'2021-06-20 06:21:25'),(892,'RWB-2-003',2,'2021-06-20 06:21:38'),(893,'RWB-2-042',11,'2021-06-20 06:29:48'),(894,'RWB-2-027',1,'2021-06-20 06:29:58'),(895,'RWB-2-015',2,'2021-06-23 10:25:56'),(896,'RWB-2-057',2,'2021-06-23 10:25:56'),(897,'RWB-2-047',1,'2021-06-23 10:26:16'),(898,'RWB-2-057',1,'2021-06-23 10:26:16'),(899,'RWB-2-035',11,'2021-06-23 10:26:44'),(900,'RWB-C-001',3,'2021-06-24 00:00:00'),(901,'RWB-C-001',3,'2021-06-24 00:00:00'),(902,'RWB-C-001',3,'2021-06-19 00:00:00'),(903,'RWB-C-001',11,'2021-06-23 10:28:14'),(904,'RWB-C-001',11,'2021-06-23 10:31:50'),(905,'RWB-C-001',3,'2021-06-23 10:32:12'),(906,'RWB-2-047',11,'2021-06-24 08:53:50'),(907,'RWB-2-015',1,'2021-06-24 08:54:01'),(908,'RWB-2-015',1,'2021-06-24 09:13:24'),(909,'RWB-2-007',2,'2021-06-24 09:25:31'),(910,'RWB-2-043',2,'2021-06-24 09:25:31'),(911,'RWB-2-006',8,'2021-06-25 04:24:24'),(912,'RWB-2-055',8,'2021-06-25 04:24:43'),(913,'RWB-2-001',2,'2021-06-25 05:01:00'),(914,'RWB-2-004',2,'2021-06-25 05:01:00'),(915,'RWB-2-010',3,'2021-06-25 10:58:11'),(916,'RWB-2-010',1,'2021-06-25 10:58:25'),(917,'RWB-2-005',3,'2021-06-26 00:00:00'),(918,'RWB-2-008',3,'2021-06-26 00:00:00'),(919,'RWB-2-044',3,'2021-06-26 00:00:00'),(920,'RWB-2-060',3,'2021-06-26 00:00:00'),(921,'RWB-6-011',3,'2021-06-26 00:00:00'),(922,'RWB-6-012',3,'2021-06-26 00:00:00'),(923,'RWB-6-017',3,'2021-06-26 00:00:00'),(924,'RWB-2-005',3,'2021-06-26 00:00:00'),(925,'RWB-2-008',3,'2021-06-26 00:00:00'),(926,'RWB-2-044',3,'2021-06-26 00:00:00'),(927,'RWB-2-060',3,'2021-06-26 00:00:00'),(928,'RWB-6-011',3,'2021-06-26 00:00:00'),(929,'RWB-6-012',3,'2021-06-26 00:00:00'),(930,'RWB-6-017',3,'2021-06-26 00:00:00'),(931,'RWB-2-005',3,'2021-06-26 00:00:00'),(932,'RWB-2-008',3,'2021-06-26 00:00:00'),(933,'RWB-2-044',3,'2021-06-26 00:00:00'),(934,'RWB-2-060',3,'2021-06-26 00:00:00'),(935,'RWB-6-011',3,'2021-06-26 00:00:00'),(936,'RWB-6-012',3,'2021-06-26 00:00:00'),(937,'RWB-6-017',3,'2021-06-26 00:00:00'),(938,'RWB-2-006',11,'2021-06-26 05:03:50'),(939,'RWB-2-012',11,'2021-06-26 05:03:50'),(940,'RWB-2-030',11,'2021-06-26 05:03:50'),(941,'RWB-2-047',11,'2021-06-26 05:03:50'),(942,'RWB-2-055',11,'2021-06-26 05:03:50'),(943,'RWB-6-011',8,'2021-06-27 01:02:46'),(944,'RWB-6-015',8,'2021-06-27 01:06:51'),(945,'RWB-2-057',11,'2021-06-27 01:07:17'),(946,'RWB-2-003',1,'2021-06-27 01:07:39'),(947,'RWB-6-021',11,'2021-06-27 05:27:51'),(948,'RWB-2-027',11,'2021-06-27 05:31:51'),(949,'RWB-2-038',11,'2021-06-27 05:31:51'),(950,'RWB-2-044',11,'2021-06-27 05:31:51'),(951,'RWB-2-006',11,'2021-06-29 12:19:36'),(952,'RWB-2-012',11,'2021-06-29 12:19:36'),(953,'RWB-2-014',11,'2021-06-29 12:19:36'),(954,'RWB-2-027',11,'2021-06-29 12:19:36'),(955,'RWB-2-030',11,'2021-06-29 12:19:36'),(956,'RWB-2-033',11,'2021-06-29 12:19:36'),(957,'RWB-2-035',11,'2021-06-29 12:19:36'),(958,'RWB-2-038',11,'2021-06-29 12:19:36'),(959,'RWB-2-042',11,'2021-06-29 12:19:36'),(960,'RWB-2-044',11,'2021-06-29 12:19:36'),(961,'RWB-2-046',11,'2021-06-29 12:19:36'),(962,'RWB-2-047',11,'2021-06-29 12:19:36'),(963,'RWB-2-055',11,'2021-06-29 12:19:36'),(964,'RWB-2-057',11,'2021-06-29 12:19:36'),(965,'RWB-6-004',11,'2021-06-29 12:20:12'),(966,'RWB-2-027',11,'2021-07-01 00:00:00'),(967,'RWB-2-033',11,'2021-07-01 00:00:00'),(968,'RWB-2-038',11,'2021-07-01 00:00:00'),(969,'RWB-2-042',11,'2021-07-01 00:00:00'),(970,'RWB-2-044',11,'2021-07-01 00:00:00'),(971,'RWB-6-021',11,'2021-07-01 00:00:00'),(972,'RWB-2-065',11,'2021-07-02 05:21:45'),(973,'RWB-2-065',11,'2021-07-02 06:45:06'),(974,'RWB-2-065',11,'2021-07-02 06:50:27'),(975,'RWB-2-006',11,'2021-07-02 06:50:55'),(976,'RWB-2-012',11,'2021-07-02 00:00:00'),(977,'RWB-2-014',11,'2021-07-02 00:00:00'),(978,'RWB-2-030',11,'2021-07-02 00:00:00'),(979,'RWB-2-046',11,'2021-07-02 00:00:00'),(980,'RWB-2-047',11,'2021-07-02 00:00:00'),(981,'RWB-2-055',11,'2021-07-02 00:00:00'),(982,'RWB-2-057',11,'2021-07-02 00:00:00'),(983,'RWB-6-004',11,'2021-07-02 00:00:00'),(984,'RWB-2-035',11,'2021-07-02 00:00:00'),(985,'RWB-2-041',2,'2021-07-02 08:33:28'),(986,'RWB-2-006',11,'2021-07-03 06:26:35'),(987,'RWB-2-035',11,'2021-07-03 06:26:35'),(988,'RWB-2-055',11,'2021-07-03 06:26:35'),(989,'RWB-2-057',11,'2021-07-03 06:26:35'),(990,'RWB-2-027',11,'2021-07-03 06:26:35'),(991,'RWB-2-047',11,'2021-07-03 06:26:35'),(992,'RWB-2-014',11,'2021-07-03 06:26:35'),(993,'RWB-2-065',11,'2021-07-03 06:26:35'),(994,'RWB-2-012',11,'2021-07-03 06:26:35'),(995,'RWB-2-038',11,'2021-07-03 06:26:35'),(996,'RWB-2-044',11,'2021-07-03 06:26:35'),(997,'RWB-2-046',11,'2021-07-03 06:26:35'),(998,'RWB-2-042',11,'2021-07-03 06:26:35'),(999,'RWB-2-030',11,'2021-07-03 06:26:35'),(1000,'RWB-2-033',11,'2021-07-03 06:26:35'),(1001,'RWB-6-004',11,'2021-07-03 06:26:35'),(1002,'RWB-6-021',11,'2021-07-03 06:26:35'),(1003,'RWB-2-051',2,'2021-07-03 06:33:31'),(1004,'RWB-2-018',2,'2021-07-03 06:33:31'),(1005,'RWB-2-061',2,'2021-07-03 06:33:31'),(1006,'RWB-2-052',2,'2021-07-03 06:33:31'),(1007,'RWB-2-063',2,'2021-07-03 06:33:31'),(1008,'RWB-2-005',2,'2021-07-03 06:33:31'),(1009,'RWB-2-010',11,'2021-07-04 03:21:14'),(1010,'RWB-2-022',11,'2021-07-04 03:21:14'),(1011,'RWB-2-040',11,'2021-07-04 03:21:14'),(1012,'RWB-4-001',11,'2021-07-04 03:21:14'),(1013,'RWB-6-002',11,'2021-07-04 03:21:14'),(1014,'RWB-6-007',11,'2021-07-04 03:21:14'),(1015,'RWB-4-001',11,'2021-07-08 05:31:58'),(1016,'RWB-6-002',11,'2021-07-08 05:31:58'),(1017,'RWB-6-007',11,'2021-07-08 05:31:58'),(1018,'RWB-4-001',11,'2021-07-08 05:32:01'),(1019,'RWB-6-002',11,'2021-07-08 05:32:01'),(1020,'RWB-6-007',11,'2021-07-08 05:32:01'),(1021,'RWB-2-007',11,'2021-07-08 05:33:57'),(1022,'RWB-2-010',11,'2021-07-08 05:33:57'),(1023,'RWB-2-015',11,'2021-07-08 05:33:57'),(1024,'RWB-2-022',11,'2021-07-08 05:33:57'),(1025,'RWB-2-040',11,'2021-07-08 05:33:57'),(1026,'RWB-2-041',11,'2021-07-08 05:33:57'),(1027,'RWB-2-007',11,'2021-07-08 05:34:25'),(1028,'RWB-2-010',11,'2021-07-08 05:34:25'),(1029,'RWB-2-015',11,'2021-07-08 05:34:25'),(1030,'RWB-2-022',11,'2021-07-08 05:34:25'),(1031,'RWB-2-040',11,'2021-07-08 05:34:25'),(1032,'RWB-2-041',11,'2021-07-08 05:34:25'),(1033,'RWB-2-049',11,'2021-07-08 08:36:22'),(1034,'RWB-2-021',11,'2021-07-08 08:36:22'),(1035,'RWB-2-004',11,'2021-07-09 09:17:09'),(1036,'RWB-2-016',3,'2021-07-10 00:00:00'),(1037,'RWB-2-029',3,'2021-07-10 00:00:00'),(1038,'RWB-2-053',3,'2021-07-10 00:00:00'),(1039,'RWB-2-059',3,'2021-07-10 00:00:00'),(1040,'RWB-2-065',3,'2021-07-10 00:00:00'),(1041,'RWB-2-016',3,'2021-07-10 00:00:00'),(1042,'RWB-2-029',3,'2021-07-10 00:00:00'),(1043,'RWB-2-053',3,'2021-07-10 00:00:00'),(1044,'RWB-2-059',3,'2021-07-10 00:00:00'),(1045,'RWB-2-065',3,'2021-07-10 00:00:00'),(1046,'RWB-2-016',3,'2021-07-10 00:00:00'),(1047,'RWB-2-029',3,'2021-07-10 00:00:00'),(1048,'RWB-2-053',3,'2021-07-10 00:00:00'),(1049,'RWB-2-059',3,'2021-07-10 00:00:00'),(1050,'RWB-2-065',3,'2021-07-10 00:00:00'),(1051,'RWB-6-006',3,'2021-07-10 00:00:00'),(1052,'RWB-6-020',3,'2021-07-10 00:00:00'),(1053,'RWB-2-016',3,'2021-07-10 00:00:00'),(1054,'RWB-2-029',3,'2021-07-10 00:00:00'),(1055,'RWB-2-053',3,'2021-07-10 00:00:00'),(1056,'RWB-2-059',3,'2021-07-10 00:00:00'),(1057,'RWB-2-065',3,'2021-07-10 00:00:00'),(1058,'RWB-6-021',3,'2021-07-10 00:00:00'),(1059,'RWB-2-024',1,'2021-07-10 01:56:07'),(1060,'RWB-2-051',1,'2021-07-10 01:56:07'),(1061,'RWB-2-018',1,'2021-07-10 01:56:07'),(1062,'RWB-2-003',1,'2021-07-10 01:56:07'),(1063,'RWB-2-001',1,'2021-07-10 01:56:07'),(1064,'RWB-2-019',1,'2021-07-10 01:56:07'),(1065,'RWB-2-052',1,'2021-07-10 01:56:07'),(1066,'RWB-2-063',1,'2021-07-10 01:56:07'),(1067,'RWB-2-005',1,'2021-07-10 01:56:07'),(1068,'RWB-2-043',1,'2021-07-10 01:56:07'),(1069,'RWB-2-045',1,'2021-07-10 01:56:07'),(1070,'RWB-2-008',2,'2021-07-10 01:56:29'),(1071,'RWB-2-061',11,'2021-07-10 01:56:45'),(1072,'RWB-6-010',11,'2021-07-10 04:08:32'),(1073,'RWB-6-016',11,'2021-07-10 04:08:32'),(1074,'RWB-2-031',11,'2021-07-10 10:17:38'),(1075,'RWB-2-058',11,'2021-07-10 10:17:38'),(1076,'RWB-2-004',11,'2021-07-14 10:19:55'),(1077,'RWB-2-021',11,'2021-07-14 10:19:55'),(1078,'RWB-2-031',11,'2021-07-14 10:19:55'),(1079,'RWB-2-049',11,'2021-07-14 10:19:55'),(1080,'RWB-2-058',11,'2021-07-14 10:19:55'),(1081,'RWB-2-061',11,'2021-07-14 10:19:55'),(1082,'RWB-6-010',11,'2021-07-14 10:19:55'),(1083,'RWB-6-016',11,'2021-07-14 10:19:55'),(1084,'RWB-2-005',11,'2021-07-14 10:20:24'),(1085,'RWB-2-005',11,'2021-07-14 10:20:32'),(1086,'RWB-6-014',11,'2021-07-16 08:36:37'),(1087,'RWB-6-017',11,'2021-07-16 08:36:37'),(1088,'RWB-2-003',11,'2021-07-16 09:06:30'),(1089,'RWB-2-052',11,'2021-07-16 09:06:30'),(1090,'RWB-2-063',11,'2021-07-16 09:06:30'),(1091,'RWB-2-009',1,'2021-07-16 09:07:19'),(1092,'RWB-2-054',1,'2021-07-16 09:07:19'),(1093,'RWB-2-065',1,'2021-07-16 09:07:19'),(1094,'RWB-C-004',11,'2021-07-17 05:19:53'),(1095,'RWB-C-004',11,'2021-07-17 05:19:56'),(1096,'RWB-C-001',11,'2021-07-17 05:44:50'),(1097,'RWB-C-001',11,'2021-07-17 05:45:06'),(1098,'RWB-2-023',1,'2021-07-17 07:58:59'),(1099,'RWB-2-011',1,'2021-07-17 07:59:53'),(1100,'RWB-2-032',2,'2021-07-17 08:00:28'),(1101,'RWB-2-017',2,'2021-07-17 08:00:51'),(1102,'RWB-2-045',11,'2021-07-17 08:01:50'),(1103,'RWB-2-024',11,'2021-07-17 08:02:16'),(1104,'RWB-2-003',11,'2021-07-18 00:00:00'),(1105,'RWB-2-004',11,'2021-07-18 00:00:00'),(1106,'RWB-2-005',11,'2021-07-18 00:00:00'),(1107,'RWB-2-007',11,'2021-07-18 00:00:00'),(1108,'RWB-2-010',11,'2021-07-18 00:00:00'),(1109,'RWB-2-015',11,'2021-07-18 00:00:00'),(1110,'RWB-2-021',11,'2021-07-18 00:00:00'),(1111,'RWB-2-022',11,'2021-07-18 00:00:00'),(1112,'RWB-2-024',11,'2021-07-18 00:00:00'),(1113,'RWB-2-031',11,'2021-07-18 00:00:00'),(1114,'RWB-2-040',11,'2021-07-18 00:00:00'),(1115,'RWB-2-041',11,'2021-07-18 00:00:00'),(1116,'RWB-2-045',11,'2021-07-18 00:00:00'),(1117,'RWB-2-049',11,'2021-07-18 00:00:00'),(1118,'RWB-2-052',11,'2021-07-18 00:00:00'),(1119,'RWB-2-058',11,'2021-07-18 00:00:00'),(1120,'RWB-2-061',11,'2021-07-18 00:00:00'),(1121,'RWB-2-063',11,'2021-07-18 00:00:00'),(1122,'RWB-4-001',11,'2021-07-18 00:00:00'),(1123,'RWB-6-002',11,'2021-07-18 00:00:00'),(1124,'RWB-6-007',11,'2021-07-18 00:00:00'),(1125,'RWB-6-010',11,'2021-07-18 00:00:00'),(1126,'RWB-6-014',11,'2021-07-18 00:00:00'),(1127,'RWB-6-016',11,'2021-07-18 00:00:00'),(1128,'RWB-6-017',11,'2021-07-18 00:00:00'),(1129,'RWB-2-041',11,'2021-07-18 09:41:18'),(1130,'RWB-2-031',11,'2021-07-18 00:00:00'),(1131,'RWB-2-031',11,'2021-07-18 00:00:00'),(1132,'RWB-2-031',11,'2021-07-18 00:00:00'),(1133,'RWB-2-003',11,'2021-07-18 00:00:00'),(1134,'RWB-2-004',11,'2021-07-18 00:00:00'),(1135,'RWB-2-005',11,'2021-07-18 00:00:00'),(1136,'RWB-2-007',11,'2021-07-18 00:00:00'),(1137,'RWB-2-010',11,'2021-07-18 00:00:00'),(1138,'RWB-2-015',11,'2021-07-18 00:00:00'),(1139,'RWB-2-021',11,'2021-07-18 00:00:00'),(1140,'RWB-2-022',11,'2021-07-18 00:00:00'),(1141,'RWB-2-024',11,'2021-07-18 00:00:00'),(1142,'RWB-2-040',11,'2021-07-18 00:00:00'),(1143,'RWB-2-045',11,'2021-07-18 00:00:00'),(1144,'RWB-2-049',11,'2021-07-18 00:00:00'),(1145,'RWB-2-052',11,'2021-07-18 00:00:00'),(1146,'RWB-2-058',11,'2021-07-18 00:00:00'),(1147,'RWB-2-061',11,'2021-07-18 00:00:00'),(1148,'RWB-2-063',11,'2021-07-18 00:00:00'),(1149,'RWB-2-003',11,'2021-07-18 00:00:00'),(1150,'RWB-2-004',11,'2021-07-18 00:00:00'),(1151,'RWB-2-005',11,'2021-07-18 00:00:00'),(1152,'RWB-2-007',11,'2021-07-18 00:00:00'),(1153,'RWB-2-010',11,'2021-07-18 00:00:00'),(1154,'RWB-2-015',11,'2021-07-18 00:00:00'),(1155,'RWB-2-021',11,'2021-07-18 00:00:00'),(1156,'RWB-2-022',11,'2021-07-18 00:00:00'),(1157,'RWB-2-024',11,'2021-07-18 00:00:00'),(1158,'RWB-2-040',11,'2021-07-18 00:00:00'),(1159,'RWB-2-045',11,'2021-07-18 00:00:00'),(1160,'RWB-2-049',11,'2021-07-18 00:00:00'),(1161,'RWB-2-052',11,'2021-07-18 00:00:00'),(1162,'RWB-2-058',11,'2021-07-18 00:00:00'),(1163,'RWB-2-061',11,'2021-07-18 00:00:00'),(1164,'RWB-2-063',11,'2021-07-18 00:00:00'),(1165,'RWB-6-002',11,'2021-07-18 00:00:00'),(1166,'RWB-6-007',11,'2021-07-18 00:00:00'),(1167,'RWB-6-010',11,'2021-07-18 00:00:00'),(1168,'RWB-6-014',11,'2021-07-18 00:00:00'),(1169,'RWB-6-016',11,'2021-07-18 00:00:00'),(1170,'RWB-6-017',11,'2021-07-18 00:00:00'),(1171,'RWB-4-001',11,'2021-07-18 00:00:00'),(1172,'RWB-C-004',3,'2021-07-18 00:00:00'),(1173,'RWB-2-001',1,'2021-07-19 08:26:19'),(1174,'RWB-2-008',1,'2021-07-19 08:26:19'),(1175,'RWB-2-009',1,'2021-07-19 08:26:19'),(1176,'RWB-2-011',1,'2021-07-19 08:26:19'),(1177,'RWB-2-017',1,'2021-07-19 08:26:19'),(1178,'RWB-2-019',1,'2021-07-19 08:26:19'),(1179,'RWB-2-023',1,'2021-07-19 08:26:19'),(1180,'RWB-2-032',1,'2021-07-19 08:26:19'),(1181,'RWB-2-043',1,'2021-07-19 08:26:19'),(1182,'RWB-2-054',1,'2021-07-19 08:26:19'),(1183,'RWB-2-065',1,'2021-07-19 08:26:19'),(1184,'RWB-2-018',11,'2021-07-19 08:26:57'),(1185,'RWB-2-051',11,'2021-07-19 08:26:57'),(1186,'RWB-2-027',3,'2021-07-21 00:00:00'),(1187,'RWB-2-038',3,'2021-07-21 00:00:00'),(1188,'RWB-2-044',3,'2021-07-21 00:00:00'),(1189,'RWB-2-056',3,'2021-07-21 00:00:00'),(1190,'RWB-2-062',3,'2021-07-21 00:00:00'),(1191,'RWB-6-001',3,'2021-07-21 00:00:00'),(1192,'RWB-6-019',3,'2021-07-21 00:00:00'),(1193,'RWB-6-006',3,'2021-07-21 00:00:00'),(1194,'RWB-2-018',11,'2021-07-21 00:00:00'),(1195,'RWB-2-051',11,'2021-07-21 00:00:00'),(1196,'RWB-2-018',11,'2021-07-21 00:00:00'),(1197,'RWB-2-051',11,'2021-07-21 00:00:00'),(1198,'RWB-2-018',11,'2021-07-21 00:00:00'),(1199,'RWB-2-051',11,'2021-07-21 00:00:00'),(1200,'RWB-2-038',2,'2021-07-21 08:20:26'),(1201,'RWB-2-056',2,'2021-07-21 08:20:26'),(1202,'RWB-2-060',2,'2021-07-21 08:20:26'),(1203,'RWB-2-038',1,'2021-07-21 08:20:50'),(1204,'RWB-6-003',11,'2021-07-23 10:20:34'),(1205,'RWB-6-008',11,'2021-07-23 10:20:34'),(1206,'RWB-6-012',11,'2021-07-23 10:20:34'),(1207,'RWB-6-020',11,'2021-07-23 10:20:34'),(1208,'RWB-6-021',11,'2021-07-23 10:20:34'),(1209,'RWB-6-003',11,'2021-07-23 10:20:54'),(1210,'RWB-6-008',11,'2021-07-23 10:20:54'),(1211,'RWB-6-012',11,'2021-07-23 10:20:54'),(1212,'RWB-6-020',11,'2021-07-23 10:20:54'),(1213,'RWB-6-021',11,'2021-07-23 10:20:54'),(1214,'RWB-2-008',11,'2021-07-23 10:21:39'),(1215,'RWB-2-056',11,'2021-07-23 10:21:39'),(1216,'RWB-2-008',11,'2021-07-23 10:22:00'),(1217,'RWB-2-056',11,'2021-07-23 10:22:00'),(1218,'RWB-2-012',3,'2021-07-24 12:46:37'),(1219,'RWB-2-035',3,'2021-07-24 12:46:37'),(1220,'RWB-2-057',3,'2021-07-24 12:46:37'),(1221,'RWB-2-047',3,'2021-07-24 12:46:37'),(1222,'RWB-6-004',3,'2021-07-24 12:46:37'),(1223,'RWB-6-005',3,'2021-07-24 12:46:37'),(1224,'RWB-6-009',3,'2021-07-24 12:46:37'),(1225,'RWB-2-014',3,'2021-07-24 12:46:37'),(1226,'RWB-2-043',11,'2021-07-24 06:19:38'),(1227,'RWB-6-021',11,'2021-07-24 06:22:03'),(1228,'RWB-6-008',11,'2021-07-24 06:22:03'),(1229,'RWB-6-003',11,'2021-07-24 06:22:03'),(1230,'RWB-6-020',11,'2021-07-24 06:22:03'),(1231,'RWB-6-012',11,'2021-07-24 06:22:03'),(1232,'RWB-2-008',11,'2021-07-24 06:22:03'),(1233,'RWB-2-056',11,'2021-07-24 06:22:03'),(1234,'RWB-2-048',2,'2021-07-24 06:26:02'),(1235,'RWB-6-008',11,'2021-07-25 11:29:42'),(1236,'RWB-6-003',11,'2021-07-25 11:29:42'),(1237,'RWB-6-012',11,'2021-07-25 11:29:42'),(1238,'RWB-6-020',11,'2021-07-25 11:29:42'),(1239,'RWB-6-021',11,'2021-07-25 11:29:42'),(1240,'RWB-2-008',11,'2021-07-25 11:29:42'),(1241,'RWB-2-056',11,'2021-07-25 11:29:42'),(1242,'RWB-2-043',11,'2021-07-25 00:00:00'),(1243,'RWB-2-043',11,'2021-07-25 03:42:55'),(1244,'RWB-2-019',11,'2021-07-25 10:00:08'),(1245,'RWB-2-004',3,'2021-07-29 00:00:00'),(1246,'RWB-2-006',3,'2021-07-29 00:00:00'),(1247,'RWB-2-041',3,'2021-07-29 00:00:00'),(1248,'RWB-2-061',3,'2021-07-29 00:00:00'),(1249,'RWB-2-030',3,'2021-07-29 00:00:00'),(1250,'RWB-6-002',3,'2021-07-29 00:00:00'),(1251,'RWB-6-010',3,'2021-07-29 00:00:00'),(1252,'RWB-6-014',3,'2021-07-29 00:00:00'),(1253,'RWB-2-009',11,'2021-07-29 10:42:43'),(1254,'RWB-2-011',11,'2021-07-29 10:42:43'),(1255,'RWB-2-048',1,'2021-07-29 10:43:06'),(1256,'RWB-2-060',1,'2021-07-29 10:43:06'),(1257,'RWB-2-013',1,'2021-07-29 10:43:55'),(1258,'RWB-2-026',1,'2021-07-29 10:43:55'),(1259,'RWB-2-060',11,'2021-07-30 07:11:29'),(1260,'RWB-2-054',11,'2021-07-30 08:31:17'),(1261,'RWB-2-017',11,'2021-07-30 08:31:17'),(1262,'RWB-2-014',1,'2021-07-31 12:27:01'),(1263,'RWB-2-027',1,'2021-07-31 12:27:01'),(1264,'RWB-2-028',1,'2021-07-31 12:27:01'),(1265,'RWB-2-050',1,'2021-07-31 12:27:01'),(1266,'RWB-2-064',1,'2021-07-31 12:27:01'),(1267,'RWB-2-009',11,'2021-08-01 07:17:50'),(1268,'RWB-2-011',11,'2021-08-01 07:17:50'),(1269,'RWB-2-026',11,'2021-08-01 07:17:50'),(1270,'RWB-2-030',11,'2021-08-01 07:17:50'),(1271,'RWB-2-032',11,'2021-08-01 07:17:50'),(1272,'RWB-2-057',11,'2021-08-01 07:17:50'),(1273,'RWB-2-054',11,'2021-08-01 07:17:50'),(1274,'RWB-2-060',11,'2021-08-01 07:17:50'),(1275,'RWB-2-065',11,'2021-08-01 07:17:50'),(1276,'RWB-2-017',11,'2021-08-01 07:17:50'),(1277,'RWB-2-023',11,'2021-08-01 07:17:50'),(1278,'RWB-2-019',11,'2021-08-02 09:30:27'),(1279,'RWB-2-007',3,'2021-08-06 00:00:00'),(1280,'RWB-2-018',3,'2021-08-06 00:00:00'),(1281,'RWB-2-042',3,'2021-08-06 00:00:00'),(1282,'RWB-2-046',3,'2021-08-06 00:00:00'),(1283,'RWB-6-007',3,'2021-08-06 00:00:00'),(1284,'RWB-6-017',3,'2021-08-06 00:00:00'),(1285,'RWB-2-055',3,'2021-08-06 00:00:00'),(1286,'RWB-2-046',1,'2021-08-05 08:39:53'),(1287,'RWB-2-055',2,'2021-08-05 08:40:15'),(1288,'RWB-2-046',1,'2021-08-05 08:40:57'),(1289,'RWB-2-038',11,'2021-08-07 12:29:21'),(1290,'RWB-2-019',11,'2021-08-07 01:48:19'),(1291,'RWB-2-054',11,'2021-08-07 01:48:19'),(1292,'RWB-2-011',11,'2021-08-07 01:48:19'),(1293,'RWB-2-017',11,'2021-08-07 01:48:19'),(1294,'RWB-2-023',11,'2021-08-07 01:48:19'),(1295,'RWB-2-060',11,'2021-08-07 01:48:19'),(1296,'RWB-2-026',11,'2021-08-07 01:48:19'),(1297,'RWB-2-009',11,'2021-08-07 01:48:19'),(1298,'RWB-2-057',11,'2021-08-07 01:48:19'),(1299,'RWB-2-065',11,'2021-08-07 01:48:19'),(1300,'RWB-2-030',11,'2021-08-07 01:48:19'),(1301,'RWB-2-032',11,'2021-08-07 01:48:19'),(1302,'RWB-2-047',2,'2021-08-07 02:29:22'),(1303,'RWB-2-001',11,'2021-08-07 05:43:54'),(1304,'RWB-2-014',11,'2021-08-07 07:13:28'),(1305,'RWB-2-047',1,'2021-08-07 07:13:51'),(1306,'RWB-6-007',8,'2021-08-10 07:15:37'),(1307,'RWB-2-003',3,'2021-08-11 00:00:00'),(1308,'RWB-2-024',3,'2021-08-11 00:00:00'),(1309,'RWB-2-040',3,'2021-08-11 00:00:00'),(1310,'RWB-2-043',3,'2021-08-11 00:00:00'),(1311,'RWB-6-012',3,'2021-08-11 00:00:00'),(1312,'RWB-6-016',3,'2021-08-11 00:00:00'),(1313,'RWB-2-049',3,'2021-08-11 00:00:00'),(1314,'RWB-6-021',3,'2021-08-11 00:00:00'),(1315,'RWB-2-014',11,'2021-08-11 00:00:00'),(1316,'RWB-2-001',11,'2021-08-11 00:00:00'),(1317,'RWB-2-038',11,'2021-08-11 00:00:00'),(1318,'RWB-C-001',11,'2021-08-13 00:00:00'),(1319,'RWB-2-013',11,'2021-08-17 07:15:15'),(1320,'RWB-2-064',11,'2021-08-17 07:15:15'),(1321,'RWB-2-018',11,'2021-08-17 07:15:15'),(1322,'RWB-2-046',11,'2021-08-17 07:15:15'),(1323,'RWB-2-049',11,'2021-08-17 07:15:15'),(1324,'RWB-6-014',11,'2021-08-17 07:15:15'),(1325,'RWB-2-055',1,'2021-08-17 09:57:41'),(1326,'RWB-2-040',1,'2021-08-17 09:57:41'),(1327,'RWB-2-006',1,'2021-08-17 09:57:41'),(1328,'RWB-2-016',2,'2021-08-17 09:58:04'),(1329,'RWB-2-010',3,'2021-08-18 00:00:00'),(1330,'RWB-2-022',3,'2021-08-18 00:00:00'),(1331,'RWB-2-052',3,'2021-08-18 00:00:00'),(1332,'RWB-2-063',3,'2021-08-18 00:00:00'),(1333,'RWB-6-003',3,'2021-08-18 00:00:00'),(1334,'RWB-6-008',3,'2021-08-18 00:00:00'),(1335,'RWB-6-020',3,'2021-08-18 00:00:00'),(1336,'RWB-4-001',3,'2021-08-18 00:00:00'),(1337,'RWB-4-001',3,'2021-08-18 00:00:00'),(1338,'RWB-4-001',1,'2021-08-17 11:43:07'),(1339,'RWB-6-008',2,'2021-08-17 11:43:41'),(1340,'RWB-6-008',2,'2021-08-17 11:43:59'),(1341,'RWB-2-049',11,'2021-08-19 00:00:00'),(1342,'RWB-6-014',11,'2021-08-19 00:00:00'),(1343,'RWB-2-013',11,'2021-08-20 00:00:00'),(1344,'RWB-2-064',11,'2021-08-20 00:00:00'),(1345,'RWB-2-018',11,'2021-08-20 00:00:00'),(1346,'RWB-2-046',11,'2021-08-20 00:00:00'),(1347,'RWB-2-050',11,'2021-08-20 10:14:04'),(1348,'RWB-2-055',11,'2021-08-20 10:14:04'),(1349,'RWB-2-050',11,'2021-08-21 00:00:00'),(1350,'RWB-2-055',11,'2021-08-21 00:00:00'),(1351,'RWB-2-047',11,'2021-08-21 05:57:26'),(1352,'RWB-2-062',2,'2021-08-22 11:42:19'),(1353,'RWB-2-053',2,'2021-08-22 11:42:19'),(1354,'RWB-2-004',2,'2021-08-22 11:42:19'),(1355,'RWB-2-001',11,'2021-08-22 00:00:00'),(1356,'RWB-2-013',11,'2021-08-22 00:00:00'),(1357,'RWB-2-014',11,'2021-08-22 00:00:00'),(1358,'RWB-2-018',11,'2021-08-22 00:00:00'),(1359,'RWB-2-038',11,'2021-08-22 00:00:00'),(1360,'RWB-2-046',11,'2021-08-22 00:00:00'),(1361,'RWB-2-049',11,'2021-08-22 00:00:00'),(1362,'RWB-2-050',11,'2021-08-22 00:00:00'),(1363,'RWB-2-055',11,'2021-08-22 00:00:00'),(1364,'RWB-2-064',11,'2021-08-22 00:00:00'),(1365,'RWB-6-018',11,'2021-08-21 00:00:00'),(1366,'RWB-6-018',11,'2021-08-22 02:48:53'),(1367,'RWB-6-014',11,'2021-08-22 02:49:16'),(1368,'RWB-2-012',1,'2021-08-23 10:40:09'),(1369,'RWB-2-052',1,'2021-08-23 10:40:09'),(1370,'RWB-2-048',1,'2021-08-23 10:40:09'),(1371,'RWB-2-062',1,'2021-08-23 10:40:09'),(1372,'RWB-2-016',1,'2021-08-23 10:40:09'),(1373,'RWB-2-003',1,'2021-08-23 10:40:09'),(1374,'RWB-2-006',1,'2021-08-23 10:40:09'),(1375,'RWB-2-027',11,'2021-08-23 10:41:22'),(1376,'RWB-2-040',11,'2021-08-23 10:42:32'),(1377,'RWB-2-042',1,'2021-08-23 10:43:46'),(1378,'RWB-C-002',1,'2021-08-23 10:44:17'),(1379,'RWB-C-001',11,'2021-08-23 00:00:00'),(1380,'RWB-C-001',11,'2021-08-23 00:00:00'),(1381,'RWB-C-001',3,'2021-08-23 00:00:00'),(1382,'RWB-4-001',11,'2021-08-23 10:47:39'),(1383,'RWB-C-004',11,'2021-08-23 10:47:39'),(1384,'RWB-2-020',9,'2021-08-23 10:49:59'),(1385,'RWB-2-008',3,'2021-08-23 00:00:00'),(1386,'RWB-2-021',3,'2021-08-23 00:00:00'),(1387,'RWB-2-051',3,'2021-08-23 00:00:00'),(1388,'RWB-2-057',3,'2021-08-23 00:00:00'),(1389,'RWB-2-058',3,'2021-08-23 00:00:00'),(1390,'RWB-2-005',3,'2021-08-23 00:00:00'),(1391,'RWB-2-027',4,'2021-08-25 15:10:30'),(1392,'RWB-2-047',4,'2021-08-25 16:35:37'),(1393,'RWB-2-040',4,'2021-08-25 16:35:37'),(1394,'RWB-4-001',4,'2021-08-25 16:35:37'),(1395,'RWB-4-001',6,'2021-08-25 00:00:00'),(1396,'RWB-2-027',6,'2021-08-27 00:00:00'),(1397,'RWB-2-047',6,'2021-08-27 00:00:00'),(1398,'RWB-2-006',6,'2021-08-27 00:00:00'),(1399,'RWB-2-040',6,'2021-08-27 00:00:00'),(1400,'RWB-2-027',7,'2021-08-27 00:00:00'),(1401,'RWB-2-047',7,'2021-08-27 00:00:00'),(1402,'RWB-2-006',7,'2021-08-27 00:00:00'),(1403,'RWB-2-040',7,'2021-08-27 00:00:00'),(1404,'RWB-4-001',7,'2021-08-27 00:00:00'),(1405,'RWB-2-015',3,'2021-08-26 00:00:00'),(1406,'RWB-2-045',3,'2021-08-26 00:00:00'),(1407,'RWB-2-056',3,'2021-08-26 00:00:00'),(1408,'RWB-2-065',3,'2021-08-26 00:00:00'),(1409,'RWB-6-014',3,'2021-08-31 00:00:00'),(1410,'RWB-6-018',3,'2021-08-31 00:00:00'),(1411,'RWB-2-009',3,'2021-08-31 00:00:00'),(1412,'RWB-2-011',3,'2021-08-31 00:00:00'),(1413,'RWB-2-017',3,'2021-08-31 00:00:00'),(1414,'RWB-2-023',3,'2021-08-31 00:00:00'),(1415,'RWB-4-001',3,'2021-08-31 00:00:00'),(1416,'RWB-2-030',3,'2021-08-29 00:00:00'),(1417,'RWB-2-031',3,'2021-08-26 18:34:46'),(1418,'RWB-6-001',6,'2021-09-02 00:00:00'),(1419,'RWB-2-028',6,'2021-09-02 00:00:00'),(1420,'RWB-2-042',6,'2021-09-02 00:00:00'),(1421,'RWB-2-048',6,'2021-09-02 00:00:00'),(1422,'RWB-6-001',7,'2021-09-02 05:20:51'),(1423,'RWB-2-028',7,'2021-09-02 05:20:51'),(1424,'RWB-2-042',7,'2021-09-02 05:20:51'),(1425,'RWB-2-048',7,'2021-09-02 05:20:51'),(1426,'RWB-6-003',4,'2021-09-03 10:20:17'),(1427,'RWB-2-012',4,'2021-09-03 10:20:17'),(1428,'RWB-4-001',4,'2021-09-03 10:20:17'),(1429,'RWB-6-003',6,'2021-09-04 00:00:00'),(1430,'RWB-2-012',6,'2021-09-04 00:00:00'),(1431,'RWB-4-001',6,'2021-09-04 00:00:00'),(1432,'RWB-6-003',7,'2021-09-05 04:58:53'),(1433,'RWB-2-012',7,'2021-09-05 04:58:53'),(1434,'RWB-4-001',7,'2021-09-05 04:58:53'),(1435,'RWB-2-004',4,'2021-09-06 08:49:50'),(1439,'RWB-2-011',1,'2021-09-08 10:57:02'),(1440,'RWB-2-035',1,'2021-09-08 10:57:02'),(1441,'RWB-2-007',1,'2021-09-08 10:57:02'),(1442,'RWB-2-052',1,'2021-09-08 10:57:02'),(1443,'RWB-2-036',1,'2021-09-08 10:57:02'),(1444,'RWB-2-031',1,'2021-09-08 10:57:02'),(1445,'RWB-2-044',1,'2021-09-08 10:57:02'),(1446,'RWB-2-053',1,'2021-09-08 10:57:02'),(1447,'RWB-2-043',1,'2021-09-08 10:57:02'),(1448,'RWB-2-061',8,'2021-09-08 10:58:12'),(1449,'RWB-2-061',1,'2021-09-08 10:58:22'),(1450,'RWB-6-004',8,'2021-09-08 10:58:56'),(1451,'RWB-2-066',2,'2021-09-08 10:59:21'),(1452,'RWB-2-003',6,'2021-09-08 00:00:00'),(1453,'RWB-2-004',6,'2021-09-08 00:00:00'),(1454,'RWB-2-016',6,'2021-09-08 00:00:00'),(1455,'RWB-2-062',6,'2021-09-08 00:00:00'),(1456,'RWB-2-003',4,'2021-09-08 04:38:31'),(1457,'RWB-2-016',4,'2021-09-08 04:38:31'),(1458,'RWB-2-030',4,'2021-09-08 04:38:31'),(1459,'RWB-2-062',4,'2021-09-08 04:38:31'),(1460,'RWB-2-030',6,'2021-09-08 00:00:00'),(1461,'RWB-2-003',7,'2021-09-08 04:40:37'),(1462,'RWB-2-004',7,'2021-09-08 04:40:37'),(1463,'RWB-2-016',7,'2021-09-08 04:40:37'),(1464,'RWB-2-030',7,'2021-09-08 04:40:37'),(1465,'RWB-2-062',7,'2021-09-08 04:40:37'),(1466,'RWB-2-018',3,'2021-09-10 00:00:00'),(1467,'RWB-2-055',3,'2021-09-10 00:00:00'),(1468,'RWB-2-064',3,'2021-09-10 00:00:00'),(1469,'RWB-2-019',3,'2021-09-07 00:00:00'),(1470,'RWB-2-026',3,'2021-09-07 00:00:00'),(1471,'RWB-2-032',3,'2021-09-07 00:00:00'),(1472,'RWB-2-054',3,'2021-09-07 00:00:00'),(1473,'RWB-2-060',3,'2021-09-07 00:00:00'),(1474,'RWB-2-033',3,'2021-09-07 00:00:00'),(1475,'RWB-2-042',3,'2021-09-10 00:00:00'),(1476,'RWB-4-001',3,'2021-09-10 00:00:00'),(1477,'RWB-6-001',3,'2021-09-10 00:00:00'),(1478,'RWB-2-052',4,'2021-09-11 09:13:40'),(1479,'RWB-2-011',4,'2021-09-12 07:07:26'),(1480,'RWB-2-035',4,'2021-09-12 07:07:26'),(1481,'RWB-2-043',4,'2021-09-12 07:07:26'),(1482,'RWB-2-053',4,'2021-09-12 07:07:26'),(1483,'RWB-2-008',1,'2021-09-12 07:08:06'),(1484,'RWB-2-005',2,'2021-09-12 07:08:17'),(1485,'RWB-2-007',4,'2021-09-16 04:55:13'),(1486,'RWB-2-031',4,'2021-09-16 04:55:13'),(1487,'RWB-6-017',1,'2021-09-16 04:56:26'),(1488,'RWB-6-018',1,'2021-09-16 04:56:26'),(1489,'RWB-6-020',1,'2021-09-16 04:56:45'),(1490,'RWB-2-045',1,'2021-09-16 04:58:07'),(1491,'RWB-6-016',2,'2021-09-16 11:33:04'),(1492,'RWB-6-019',2,'2021-09-16 11:33:04'),(1493,'RWB-6-005',4,'2021-09-16 11:33:48'),(1494,'RWB-6-014',4,'2021-09-16 11:33:48'),(1495,'RWB-2-061',4,'2021-09-16 11:35:47'),(1496,'RWB-6-020',4,'2021-09-17 07:10:04'),(1497,'RWB-2-014',3,'2021-09-18 00:00:00'),(1498,'RWB-2-027',3,'2021-09-18 00:00:00'),(1499,'RWB-2-028',3,'2021-09-18 00:00:00'),(1500,'RWB-2-048',3,'2021-09-18 00:00:00'),(1501,'RWB-2-050',3,'2021-09-18 00:00:00'),(1502,'RWB-2-047',3,'2021-09-18 00:00:00'),(1503,'RWB-6-005',6,'2021-09-17 00:00:00'),(1504,'RWB-6-014',6,'2021-09-17 00:00:00'),(1505,'RWB-6-020',6,'2021-09-17 00:00:00'),(1506,'RWB-2-007',6,'2021-09-17 00:00:00'),(1507,'RWB-2-011',6,'2021-09-17 00:00:00'),(1508,'RWB-2-031',6,'2021-09-17 00:00:00'),(1509,'RWB-2-035',6,'2021-09-17 00:00:00'),(1510,'RWB-2-043',6,'2021-09-17 00:00:00'),(1511,'RWB-2-052',6,'2021-09-17 00:00:00'),(1512,'RWB-2-053',6,'2021-09-17 00:00:00'),(1513,'RWB-2-061',6,'2021-09-17 00:00:00'),(1514,'RWB-6-005',7,'2021-09-18 07:39:41'),(1515,'RWB-6-014',7,'2021-09-18 07:39:41'),(1516,'RWB-6-020',7,'2021-09-18 07:39:41'),(1517,'RWB-2-007',7,'2021-09-18 07:39:41'),(1518,'RWB-2-011',7,'2021-09-18 07:39:41'),(1519,'RWB-2-031',7,'2021-09-18 07:39:41'),(1520,'RWB-2-035',7,'2021-09-18 07:39:41'),(1521,'RWB-2-043',7,'2021-09-18 07:39:41'),(1522,'RWB-2-052',7,'2021-09-18 07:39:41'),(1523,'RWB-2-053',7,'2021-09-18 07:39:41'),(1524,'RWB-2-061',7,'2021-09-18 07:39:41'),(1525,'RWB-6-017',4,'2021-09-18 07:41:59'),(1526,'RWB-6-018',4,'2021-09-21 08:20:14'),(1527,'RWB-2-005',4,'2021-09-21 08:20:14'),(1528,'RWB-2-036',4,'2021-09-21 08:20:14'),(1529,'RWB-6-003',3,'2021-09-22 00:00:00'),(1530,'RWB-6-014',3,'2021-09-22 00:00:00'),(1531,'RWB-2-001',3,'2021-09-22 00:00:00'),(1532,'RWB-2-013',3,'2021-09-22 00:00:00'),(1533,'RWB-2-040',3,'2021-09-22 00:00:00'),(1534,'RWB-2-046',3,'2021-09-22 00:00:00'),(1535,'RWB-2-049',3,'2021-09-22 00:00:00'),(1536,'RWB-2-066',1,'2021-09-22 07:59:52'),(1537,'RWB-2-023',1,'2021-09-22 08:02:16'),(1538,'RWB-2-042',1,'2021-09-22 08:02:16'),(1539,'RWB-2-010',1,'2021-09-22 08:02:16'),(1540,'RWB-2-059',1,'2021-09-22 08:02:16'),(1541,'RWB-2-024',1,'2021-09-22 08:02:16'),(1542,'RWB-2-041',1,'2021-09-22 08:02:16'),(1543,'RWB-6-004',2,'2021-09-22 08:03:54'),(1544,'RWB-2-057',1,'2021-09-23 01:58:56'),(1545,'RWB-2-001',1,'2021-09-23 01:59:10'),(1546,'RWB-2-008',2,'2021-09-23 01:59:31'),(1547,'RWB-6-012',8,'2021-09-23 06:46:13'),(1548,'RWB-2-044',4,'2021-09-24 10:16:30'),(1549,'RWB-6-019',1,'2021-09-24 10:17:10'),(1550,'RWB-2-027',8,'2021-09-25 06:35:18'),(1551,'RWB-6-009',8,'2021-09-25 06:36:23'),(1552,'RWB-6-009',4,'2021-09-25 06:36:32'),(1553,'RWB-6-008',4,'2021-09-25 07:37:50'),(1554,'RWB-6-001',4,'2021-09-25 07:38:05'),(1555,'RWB-6-021',4,'2021-09-25 07:38:19'),(1556,'RWB-2-057',4,'2021-09-25 07:38:35'),(1557,'RWB-2-008',1,'2021-09-25 07:39:25'),(1558,'RWB-2-009',1,'2021-09-25 07:40:20'),(1559,'RWB-2-023',2,'2021-09-25 07:40:33'),(1560,'RWB-6-001',6,'2021-09-26 00:00:00'),(1561,'RWB-6-008',6,'2021-09-26 00:00:00'),(1562,'RWB-6-009',6,'2021-09-26 00:00:00'),(1563,'RWB-6-017',6,'2021-09-26 00:00:00'),(1564,'RWB-6-018',6,'2021-09-26 00:00:00'),(1565,'RWB-6-021',6,'2021-09-26 00:00:00'),(1566,'RWB-2-005',6,'2021-09-26 00:00:00'),(1567,'RWB-2-036',6,'2021-09-26 00:00:00'),(1568,'RWB-2-044',6,'2021-09-26 00:00:00'),(1569,'RWB-2-057',6,'2021-09-26 00:00:00'),(1570,'RWB-2-003',3,'2021-09-29 00:00:00'),(1571,'RWB-2-004',3,'2021-09-29 00:00:00'),(1572,'RWB-2-016',3,'2021-09-29 00:00:00'),(1573,'RWB-2-030',3,'2021-09-29 00:00:00'),(1574,'RWB-2-038',3,'2021-09-29 00:00:00'),(1575,'RWB-6-005',3,'2021-09-29 00:00:00'),(1576,'RWB-6-020',3,'2021-09-29 00:00:00'),(1577,'RWB-6-004',1,'2021-09-29 03:50:19'),(1578,'RWB-2-042',4,'2021-09-29 03:50:45'),(1579,'RWB-6-011',4,'2021-10-01 03:54:37'),(1580,'RWB-2-055',2,'2021-10-01 03:55:02'),(1581,'RWB-2-002',2,'2021-10-01 03:55:23'),(1582,'RWB-6-016',1,'2021-10-01 09:48:04'),(1583,'RWB-2-033',1,'2021-10-01 09:48:04'),(1584,'RWB-2-058',1,'2021-10-01 09:48:04'),(1585,'RWB-2-019',2,'2021-10-01 09:48:20'),(1586,'RWB-2-008',4,'2021-10-01 11:22:02'),(1587,'RWB-2-024',4,'2021-10-01 11:22:02'),(1588,'RWB-6-011',6,'2021-10-02 00:00:00'),(1589,'RWB-2-042',6,'2021-10-02 00:00:00'),(1590,'RWB-6-006',2,'2021-10-02 11:44:03'),(1591,'RWB-2-040',2,'2021-10-02 11:44:03'),(1592,'RWB-2-047',2,'2021-10-02 11:44:03'),(1593,'RWB-2-006',3,'2021-10-02 00:00:00'),(1594,'RWB-2-007',3,'2021-10-02 00:00:00'),(1595,'RWB-2-011',3,'2021-10-02 00:00:00'),(1596,'RWB-2-012',3,'2021-10-02 00:00:00'),(1597,'RWB-2-031',3,'2021-10-02 00:00:00'),(1598,'RWB-2-006',3,'2021-10-02 00:00:00'),(1599,'RWB-2-007',3,'2021-10-02 00:00:00'),(1600,'RWB-2-011',3,'2021-10-02 00:00:00'),(1601,'RWB-2-012',3,'2021-10-02 00:00:00'),(1602,'RWB-2-031',3,'2021-10-02 00:00:00'),(1603,'RWB-2-006',3,'2021-10-02 00:00:00'),(1604,'RWB-2-007',3,'2021-10-02 00:00:00'),(1605,'RWB-2-011',3,'2021-10-02 00:00:00'),(1606,'RWB-2-012',3,'2021-10-02 00:00:00'),(1607,'RWB-2-031',3,'2021-10-02 00:00:00'),(1608,'RWB-2-006',3,'2021-10-02 00:00:00'),(1609,'RWB-2-007',3,'2021-10-02 00:00:00'),(1610,'RWB-2-011',3,'2021-10-02 00:00:00'),(1611,'RWB-2-012',3,'2021-10-02 00:00:00'),(1612,'RWB-2-031',3,'2021-10-02 00:00:00'),(1613,'RWB-2-006',3,'2021-10-02 00:00:00'),(1614,'RWB-2-007',3,'2021-10-02 00:00:00'),(1615,'RWB-2-011',3,'2021-10-02 00:00:00'),(1616,'RWB-2-012',3,'2021-10-02 00:00:00'),(1617,'RWB-2-031',3,'2021-10-02 00:00:00'),(1618,'RWB-2-006',3,'2021-10-02 00:00:00'),(1619,'RWB-2-007',3,'2021-10-02 00:00:00'),(1620,'RWB-2-011',3,'2021-10-02 00:00:00'),(1621,'RWB-2-012',3,'2021-10-02 00:00:00'),(1622,'RWB-2-031',3,'2021-10-02 00:00:00'),(1623,'RWB-2-062',3,'2021-10-02 00:00:00'),(1624,'RWB-2-062',3,'2021-10-02 00:00:00'),(1625,'RWB-2-062',3,'2021-10-02 00:00:00'),(1626,'RWB-2-041',4,'2021-10-02 03:43:24'),(1627,'RWB-2-066',4,'2021-10-02 03:43:24'),(1628,'RWB-2-002',1,'2021-10-02 03:43:36'),(1629,'RWB-2-047',1,'2021-10-02 03:43:36'),(1630,'RWB-2-033',4,'2021-10-02 09:52:32'),(1631,'RWB-2-019',1,'2021-10-02 09:53:13'),(1632,'RWB-2-023',1,'2021-10-02 09:53:57'),(1633,'RWB-2-047',1,'2021-10-02 09:53:57'),(1634,'RWB-2-055',1,'2021-10-02 09:53:57'),(1635,'RWB-6-011',7,'2021-10-03 09:48:03'),(1636,'RWB-2-042',7,'2021-10-03 09:48:03'),(1637,'RWB-6-004',4,'2021-10-05 11:25:14'),(1638,'RWB-2-009',4,'2021-10-05 11:25:14'),(1639,'RWB-6-004',6,'2021-10-06 00:00:00'),(1640,'RWB-2-008',6,'2021-10-06 00:00:00'),(1641,'RWB-2-009',6,'2021-10-06 00:00:00'),(1642,'RWB-2-024',6,'2021-10-06 00:00:00'),(1643,'RWB-2-033',6,'2021-10-06 00:00:00'),(1644,'RWB-2-041',6,'2021-10-06 00:00:00'),(1645,'RWB-2-066',6,'2021-10-06 00:00:00');
/*!40000 ALTER TABLE `keg_location_history` ENABLE KEYS */;
UNLOCK TABLES;

--
-- Table structure for table `keg_sale_history`
--

DROP TABLE IF EXISTS `keg_sale_history`;
/*!40101 SET @saved_cs_client     = @@character_set_client */;
/*!50503 SET character_set_client = utf8mb4 */;
CREATE TABLE `keg_sale_history` (
  `Id` int(11) NOT NULL AUTO_INCREMENT,
  `FK_KegId` int(11) NOT NULL,
  `FK_RWBId` varchar(45) NOT NULL,
  `SaleDate` datetime NOT NULL,
  `FK_BeerId` int(11) NOT NULL,
  `FK_CustomerId` int(11) NOT NULL,
  `ReturnedDate` datetime DEFAULT NULL,
  PRIMARY KEY (`Id`),
  KEY `FK_KegId_idx` (`FK_KegId`),
  CONSTRAINT `FK_KegId` FOREIGN KEY (`FK_KegId`) REFERENCES `keg_info` (`Id`) ON DELETE NO ACTION ON UPDATE NO ACTION
) ENGINE=InnoDB DEFAULT CHARSET=latin1;
/*!40101 SET character_set_client = @saved_cs_client */;

--
-- Dumping data for table `keg_sale_history`
--

LOCK TABLES `keg_sale_history` WRITE;
/*!40000 ALTER TABLE `keg_sale_history` DISABLE KEYS */;
/*!40000 ALTER TABLE `keg_sale_history` ENABLE KEYS */;
UNLOCK TABLES;

--
-- Table structure for table `keg_sani_history`
--

DROP TABLE IF EXISTS `keg_sani_history`;
/*!40101 SET @saved_cs_client     = @@character_set_client */;
/*!50503 SET character_set_client = utf8mb4 */;
CREATE TABLE `keg_sani_history` (
  `Id` int(11) NOT NULL AUTO_INCREMENT,
  `FK_RWBId` varchar(45) NOT NULL,
  `SaniDate` datetime DEFAULT NULL,
  `FK_SaniChemicalId` int(11) NOT NULL DEFAULT '4',
  PRIMARY KEY (`Id`),
  KEY `FK_SaniHistory_RWBId` (`FK_RWBId`),
  CONSTRAINT `FK_SaniHistory_RWBId` FOREIGN KEY (`FK_RWBId`) REFERENCES `keg_info` (`RWBId`) ON DELETE NO ACTION ON UPDATE NO ACTION
) ENGINE=InnoDB AUTO_INCREMENT=512 DEFAULT CHARSET=latin1;
/*!40101 SET character_set_client = @saved_cs_client */;

--
-- Dumping data for table `keg_sani_history`
--

LOCK TABLES `keg_sani_history` WRITE;
/*!40000 ALTER TABLE `keg_sani_history` DISABLE KEYS */;
INSERT INTO `keg_sani_history` VALUES (1,'RWB-2-032','2021-01-13 00:00:00',4),(2,'RWB-2-064','2021-01-13 00:00:00',4),(3,'RWB-2-049','2021-01-13 00:00:00',4),(4,'RWB-2-017','2021-01-13 00:00:00',4),(5,'RWB-2-011','2021-01-13 00:00:00',4),(6,'RWB-2-007','2021-01-13 00:00:00',4),(7,'RWB-2-044','2021-01-13 00:00:00',4),(8,'RWB-2-002','2021-01-03 00:00:00',4),(9,'RWB-2-004','2021-01-03 00:00:00',4),(10,'RWB-2-006','2021-01-03 00:00:00',4),(11,'RWB-2-010','2021-01-03 00:00:00',4),(12,'RWB-2-025','2021-01-03 00:00:00',4),(13,'RWB-2-063','2021-01-03 00:00:00',4),(14,'RWB-6-021','2021-01-03 00:00:00',4),(15,'RWB-2-008','2020-12-30 00:00:00',4),(16,'RWB-2-021','2020-12-30 00:00:00',4),(17,'RWB-2-023','2020-12-30 00:00:00',4),(18,'RWB-2-041','2020-12-30 00:00:00',4),(19,'RWB-2-030','2020-12-30 00:00:00',4),(20,'RWB-2-043','2020-12-30 00:00:00',4),(21,'RWB-2-060','2020-12-30 00:00:00',4),(22,'RWB-6-010','2020-12-30 00:00:00',4),(23,'RWB-6-020','2020-12-30 00:00:00',4),(24,'RWB-2-001','2020-12-19 00:00:00',4),(25,'RWB-2-003','2020-12-19 00:00:00',4),(26,'RWB-2-046','2020-12-19 00:00:00',4),(27,'RWB-2-057','2020-12-19 00:00:00',4),(28,'RWB-2-035','2020-12-19 00:00:00',4),(29,'RWB-2-026','2020-12-19 00:00:00',4),(30,'RWB-2-048','2020-12-08 00:00:00',4),(31,'RWB-2-050','2020-12-08 00:00:00',4),(32,'RWB-2-065','2020-12-08 00:00:00',4),(33,'RWB-2-051','2020-12-08 00:00:00',4),(34,'RWB-2-052','2020-12-08 00:00:00',4),(35,'RWB-6-006','2020-12-08 00:00:00',4),(36,'RWB-6-015','2020-12-08 00:00:00',4),(37,'RWB-6-001','2020-12-08 00:00:00',4),(38,'RWB-6-017','2020-12-08 00:00:00',4),(39,'RWB-6-019','2020-12-08 00:00:00',4),(40,'RWB-2-055','2020-11-29 00:00:00',4),(41,'RWB-2-019','2020-11-29 00:00:00',4),(42,'RWB-2-049','2020-11-29 00:00:00',4),(43,'RWB-2-007','2020-11-22 00:00:00',4),(44,'RWB-2-016','2020-11-22 00:00:00',4),(45,'RWB-2-018','2020-11-22 00:00:00',4),(46,'RWB-2-027','2020-11-22 00:00:00',4),(47,'RWB-2-053','2020-11-22 00:00:00',4),(48,'RWB-4-001','2020-11-22 00:00:00',4),(49,'RWB-6-004','2020-11-22 00:00:00',4),(50,'RWB-2-032','2020-11-16 00:00:00',4),(51,'RWB-2-033','2020-11-16 00:00:00',4),(52,'RWB-2-022','2020-11-16 00:00:00',4),(53,'RWB-2-025','2020-11-16 00:00:00',4),(54,'RWB-2-058','2020-11-16 00:00:00',4),(55,'RWB-6-008','2020-11-16 00:00:00',4),(56,'RWB-6-014','2020-11-16 00:00:00',4),(57,'RWB-2-031','2020-11-09 00:00:00',4),(58,'RWB-2-064','2020-11-09 00:00:00',4),(59,'RWB-2-012','2020-11-09 00:00:00',4),(60,'RWB-2-015','2020-11-09 00:00:00',4),(61,'RWB-2-054','2020-11-09 00:00:00',4),(62,'RWB-6-017','2020-11-09 00:00:00',4),(63,'RWB-2-030','2020-11-06 00:00:00',4),(64,'RWB-2-001','2020-11-06 00:00:00',4),(65,'RWB-2-013','2020-11-06 00:00:00',4),(66,'RWB-2-024','2020-11-06 00:00:00',4),(67,'RWB-2-040','2020-11-06 00:00:00',4),(68,'RWB-2-047','2020-11-06 00:00:00',4),(69,'RWB-2-056','2020-11-06 00:00:00',4),(70,'RWB-2-059','2020-11-06 00:00:00',4),(71,'RWB-6-005','2020-11-06 00:00:00',4),(72,'RWB-6-007','2020-11-06 00:00:00',4),(73,'RWB-6-010','2020-11-06 00:00:00',4),(74,'RWB-6-014','2020-11-06 00:00:00',4),(75,'RWB-6-019','2020-11-06 00:00:00',4),(76,'RWB-2-027','2020-10-18 00:00:00',4),(77,'RWB-2-003','2020-10-18 00:00:00',4),(78,'RWB-2-017','2020-10-18 00:00:00',4),(79,'RWB-2-021','2020-10-18 00:00:00',4),(80,'RWB-2-023','2020-10-18 00:00:00',4),(81,'RWB-2-041','2020-10-18 00:00:00',4),(82,'RWB-2-044','2020-10-18 00:00:00',4),(83,'RWB-2-045','2020-10-18 00:00:00',4),(84,'RWB-2-048','2020-10-18 00:00:00',4),(85,'RWB-2-050','2020-10-18 00:00:00',4),(86,'RWB-2-057','2020-10-18 00:00:00',4),(87,'RWB-6-020','2020-10-18 00:00:00',4),(88,'RWB-2-023','2020-09-27 00:00:00',4),(89,'RWB-2-024','2020-09-27 00:00:00',4),(90,'RWB-2-025','2020-09-27 00:00:00',4),(91,'RWB-2-026','2020-09-27 00:00:00',4),(92,'RWB-2-058','2020-09-27 00:00:00',4),(93,'RWB-2-059','2020-09-27 00:00:00',4),(94,'RWB-2-060','2020-09-27 00:00:00',4),(95,'RWB-2-061','2020-09-27 00:00:00',4),(96,'RWB-2-002','2020-09-27 00:00:00',4),(97,'RWB-2-004','2020-09-27 00:00:00',4),(98,'RWB-6-001','2020-09-27 00:00:00',4),(99,'RWB-6-002','2020-09-27 00:00:00',4),(100,'RWB-6-013','2020-09-27 00:00:00',4),(101,'RWB-2-019','2020-09-19 00:00:00',4),(102,'RWB-2-021','2020-09-19 00:00:00',4),(103,'RWB-2-052','2020-09-19 00:00:00',4),(104,'RWB-2-008','2020-09-19 00:00:00',4),(105,'RWB-2-010','2020-09-19 00:00:00',4),(106,'RWB-2-020','2020-09-14 00:00:00',4),(107,'RWB-2-022','2020-09-14 00:00:00',4),(108,'RWB-2-051','2020-09-14 00:00:00',4),(109,'RWB-2-053','2020-09-14 00:00:00',4),(110,'RWB-2-054','2020-09-14 00:00:00',4),(111,'RWB-2-055','2020-09-14 00:00:00',4),(112,'RWB-2-056','2020-09-14 00:00:00',4),(113,'RWB-2-057','2020-09-14 00:00:00',4),(114,'RWB-2-013','2020-08-29 00:00:00',4),(115,'RWB-2-014','2020-08-29 00:00:00',4),(116,'RWB-2-015','2020-08-29 00:00:00',4),(117,'RWB-2-016','2020-08-29 00:00:00',4),(118,'RWB-2-017','2020-08-29 00:00:00',4),(119,'RWB-2-018','2020-08-29 00:00:00',4),(120,'RWB-2-046','2020-08-29 00:00:00',4),(121,'RWB-2-047','2020-08-29 00:00:00',4),(122,'RWB-2-048','2020-08-29 00:00:00',4),(123,'RWB-2-049','2020-08-29 00:00:00',4),(124,'RWB-2-050','2020-08-29 00:00:00',4),(125,'RWB-4-001','2020-08-29 00:00:00',4),(126,'RWB-2-006','2020-08-29 00:00:00',4),(127,'RWB-2-040','2020-08-16 00:00:00',4),(128,'RWB-2-041','2020-08-16 00:00:00',4),(129,'RWB-2-042','2020-08-16 00:00:00',4),(130,'RWB-2-043','2020-08-16 00:00:00',4),(131,'RWB-2-044','2020-08-16 00:00:00',4),(132,'RWB-2-045','2020-08-16 00:00:00',4),(133,'RWB-2-001','2020-08-11 00:00:00',4),(134,'RWB-2-002','2020-08-11 00:00:00',4),(135,'RWB-2-003','2020-08-11 00:00:00',4),(136,'RWB-2-004','2020-08-11 00:00:00',4),(137,'RWB-2-005','2020-08-11 00:00:00',4),(138,'RWB-2-006','2020-08-11 00:00:00',4),(139,'RWB-2-007','2020-08-11 00:00:00',4),(140,'RWB-2-008','2020-08-11 00:00:00',4),(141,'RWB-2-009','2020-08-11 00:00:00',4),(142,'RWB-2-010','2020-08-11 00:00:00',4),(143,'RWB-2-011','2020-08-11 00:00:00',4),(144,'RWB-2-012','2020-08-11 00:00:00',4),(145,'RWB-6-001','2020-08-11 00:00:00',4),(146,'RWB-6-003','2020-08-11 00:00:00',4),(147,'RWB-6-005','2020-08-11 00:00:00',4),(148,'RWB-6-006','2020-08-11 00:00:00',4),(149,'RWB-6-009','2020-08-11 00:00:00',4),(150,'RWB-6-010','2020-08-11 00:00:00',4),(151,'RWB-6-019','2020-08-11 00:00:00',4),(152,'RWB-6-020','2020-08-11 00:00:00',4),(153,'RWB-6-002','2020-08-08 00:00:00',4),(154,'RWB-6-004','2020-08-08 00:00:00',4),(155,'RWB-6-007','2020-08-08 00:00:00',4),(156,'RWB-6-008','2020-08-08 00:00:00',4),(157,'RWB-6-011','2020-08-08 00:00:00',4),(158,'RWB-6-012','2020-08-08 00:00:00',4),(159,'RWB-6-013','2020-08-08 00:00:00',4),(160,'RWB-6-014','2020-08-08 00:00:00',4),(161,'RWB-6-015','2020-08-08 00:00:00',4),(162,'RWB-6-016','2020-08-08 00:00:00',4),(163,'RWB-6-017','2020-08-08 00:00:00',4),(164,'RWB-6-018','2020-08-08 00:00:00',4),(165,'RWB-2-040','2021-01-17 00:00:00',4),(166,'RWB-2-029','2021-01-17 00:00:00',4),(167,'RWB-2-045','2021-01-17 00:00:00',4),(168,'RWB-2-046','2021-01-17 00:00:00',4),(169,'RWB-2-053','2021-01-17 00:00:00',4),(170,'RWB-2-031','2021-01-29 00:00:00',4),(171,'RWB-2-019','2021-01-29 00:00:00',4),(172,'RWB-2-036','2021-01-29 00:00:00',4),(173,'RWB-2-023','2021-01-29 00:00:00',4),(174,'RWB-2-008','2021-01-29 00:00:00',4),(175,'RWB-2-062','2021-01-29 00:00:00',4),(176,'RWB-2-043','2021-01-29 00:00:00',4),(177,'RWB-4-001','2021-01-29 00:00:00',4),(178,'RWB-2-041','2021-01-29 00:00:00',4),(179,'RWB-2-050','2021-01-29 00:00:00',4),(180,'RWB-2-067','2021-01-29 00:00:00',4),(181,'RWB-2-037','2021-01-29 00:00:00',4),(182,'RWB-2-033','2021-02-07 00:00:00',4),(183,'RWB-6-008','2021-02-07 00:00:00',4),(184,'RWB-6-019','2021-02-07 00:00:00',4),(185,'RWB-6-017','2021-02-07 00:00:00',4),(186,'RWB-6-003','2021-02-07 00:00:00',4),(187,'RWB-6-015','2021-02-07 00:00:00',4),(188,'RWB-2-042','2021-02-07 00:00:00',4),(189,'RWB-2-052','2021-02-07 00:00:00',4),(190,'RWB-2-035','2021-02-07 00:00:00',4),(191,'RWB-2-053','2021-02-07 00:00:00',4),(192,'RWB-2-056','2021-02-07 00:00:00',4),(193,'RWB-2-010','2021-02-07 00:00:00',4),(194,'RWB-2-065','2021-02-07 00:00:00',4),(195,'RWB-2-016','2021-02-07 00:00:00',4),(196,'RWB-2-021','2021-02-07 00:00:00',4),(197,'RWB-2-003','2021-02-11 00:00:00',4),(198,'RWB-2-011','2021-02-11 00:00:00',4),(199,'RWB-2-061','2021-02-11 00:00:00',4),(200,'RWB-2-058','2021-02-11 00:00:00',4),(201,'RWB-2-017','2021-02-11 00:00:00',4),(202,'RWB-2-025','2021-02-11 00:00:00',4),(203,'RWB-2-060','2021-02-11 00:00:00',4),(204,'RWB-2-066','2021-02-11 00:00:00',4),(205,'RWB-2-057','2021-02-11 00:00:00',4),(206,'RWB-2-038','2021-02-11 00:00:00',4),(207,'RWB-2-026','2021-02-11 00:00:00',4),(208,'RWB-2-030','2021-02-11 00:00:00',4),(209,'RWB-2-063','2021-02-11 00:00:00',4),(210,'RWB-2-006','2021-02-11 00:00:00',4),(211,'RWB-2-055','2021-02-28 00:00:00',4),(212,'RWB-2-009','2021-02-28 00:00:00',4),(213,'RWB-2-024','2021-02-28 00:00:00',4),(214,'RWB-2-054','2021-02-28 00:00:00',4),(215,'RWB-6-003','2021-02-28 00:00:00',4),(216,'RWB-6-021','2021-02-28 00:00:00',4),(217,'RWB-6-002','2021-02-28 00:00:00',4),(218,'RWB-2-007','2021-03-13 00:00:00',4),(219,'RWB-2-014','2021-03-13 00:00:00',4),(220,'RWB-2-028','2021-03-13 00:00:00',4),(221,'RWB-2-067','2021-03-13 00:00:00',4),(222,'RWB-2-016','2021-03-13 00:00:00',4),(223,'RWB-2-005','2021-03-13 00:00:00',4),(224,'RWB-6-002','2021-03-13 00:00:00',4),(225,'RWB-6-015','2021-03-13 00:00:00',4),(226,'RWB-6-011','2021-03-13 00:00:00',4),(227,'RWB-6-010','2021-03-13 00:00:00',4),(228,'RWB-6-016','2021-03-13 00:00:00',4),(229,'RWB-6-012','2021-03-13 00:00:00',4),(230,'RWB-6-014','2021-03-13 00:00:00',4),(231,'RWB-6-007','2021-03-13 00:00:00',4),(232,'RWB-C-002','2021-03-21 00:00:00',4),(233,'RWB-2-004','2021-03-25 00:00:00',4),(234,'RWB-2-013','2021-03-25 00:00:00',4),(235,'RWB-2-062','2021-03-25 00:00:00',4),(236,'RWB-2-063','2021-03-25 00:00:00',4),(237,'RWB-2-046','2021-03-25 00:00:00',4),(238,'RWB-2-036','2021-03-25 00:00:00',4),(239,'RWB-2-043','2021-03-25 00:00:00',4),(240,'RWB-2-050','2021-03-25 00:00:00',4),(241,'RWB-2-059','2021-03-25 00:00:00',4),(242,'RWB-2-064','2021-03-25 00:00:00',4),(243,'RWB-2-026','2021-03-25 00:00:00',4),(244,'RWB-2-027','2021-03-25 00:00:00',4),(245,'RWB-2-002','2021-03-25 00:00:00',4),(246,'RWB-2-049','2021-03-25 00:00:00',4),(247,'RWB-2-018','2021-03-25 00:00:00',4),(248,'RWB-2-048','2021-03-25 00:00:00',4),(249,'RWB-2-047','2021-03-25 00:00:00',4),(250,'RWB-2-015','2021-03-25 00:00:00',4),(251,'RWB-2-001','2021-03-25 00:00:00',4),(252,'RWB-2-044','2021-03-25 00:00:00',4),(253,'RWB-4-001','2021-03-25 00:00:00',4),(254,'RWB-6-001','2021-03-25 00:00:00',4),(255,'RWB-6-017','2021-03-25 00:00:00',4),(256,'RWB-2-022','2021-04-08 00:00:00',4),(257,'RWB-2-041','2021-04-08 00:00:00',4),(258,'RWB-2-008','2021-04-08 00:00:00',4),(259,'RWB-2-023','2021-04-08 00:00:00',4),(260,'RWB-2-031','2021-04-08 00:00:00',4),(261,'RWB-2-006','2021-04-08 00:00:00',4),(262,'RWB-2-025','2021-04-08 00:00:00',4),(263,'RWB-2-033','2021-04-08 00:00:00',4),(264,'RWB-2-029','2021-04-08 00:00:00',4),(265,'RWB-2-045','2021-04-08 00:00:00',4),(266,'RWB-4-001','2021-04-08 00:00:00',4),(267,'RWB-6-012','2021-04-08 00:00:00',4),(268,'RWB-6-019','2021-04-08 00:00:00',4),(269,'RWB-2-017','2021-04-08 00:00:00',4),(270,'RWB-6-005','2021-04-08 00:00:00',4),(271,'RWB-6-018','2021-04-08 00:00:00',4),(272,'RWB-2-036','2021-04-11 00:00:00',4),(273,'RWB-6-011','2021-04-11 00:00:00',4),(274,'RWB-2-014','2021-04-11 00:00:00',4),(275,'RWB-2-030','2021-04-11 00:00:00',4),(276,'RWB-2-065','2021-04-11 00:00:00',4),(277,'RWB-2-040','2021-04-11 00:00:00',4),(278,'RWB-2-012','2021-04-11 00:00:00',4),(279,'RWB-6-006','2021-04-24 00:00:00',4),(280,'RWB-6-001','2021-04-24 00:00:00',4),(281,'RWB-6-021','2021-04-24 00:00:00',4),(282,'RWB-2-043','2021-04-24 00:00:00',4),(283,'RWB-2-055','2021-04-24 00:00:00',4),(284,'RWB-2-021','2021-04-24 00:00:00',4),(285,'RWB-2-024','2021-04-24 00:00:00',4),(286,'RWB-2-016','2021-04-24 00:00:00',4),(287,'RWB-2-007','2021-04-24 00:00:00',4),(288,'RWB-2-057','2021-04-24 00:00:00',4),(289,'RWB-6-003','2021-05-09 00:00:00',4),(290,'RWB-6-008','2021-05-09 00:00:00',4),(291,'RWB-6-017','2021-05-09 00:00:00',4),(292,'RWB-6-019','2021-05-09 00:00:00',4),(293,'RWB-6-020','2021-05-09 00:00:00',4),(294,'RWB-2-054','2021-05-09 00:00:00',4),(295,'RWB-2-058','2021-05-09 00:00:00',4),(296,'RWB-2-053','2021-05-09 00:00:00',4),(297,'RWB-6-009','2021-05-09 00:00:00',4),(298,'RWB-2-061','2021-05-09 00:00:00',4),(299,'RWB-2-042','2021-05-09 00:00:00',4),(300,'RWB-2-003','2021-05-09 00:00:00',4),(301,'RWB-2-028','2021-05-18 00:00:00',4),(302,'RWB-2-066','2021-05-18 00:00:00',4),(303,'RWB-2-002','2021-05-18 00:00:00',4),(304,'RWB-2-005','2021-05-18 00:00:00',4),(305,'RWB-2-025','2021-05-18 00:00:00',4),(306,'RWB-2-004','2021-05-18 00:00:00',4),(307,'RWB-6-007','2021-05-23 00:00:00',4),(308,'RWB-6-021','2021-05-23 00:00:00',4),(309,'RWB-6-015','2021-05-23 00:00:00',4),(310,'RWB-6-016','2021-05-23 00:00:00',4),(311,'RWB-6-010','2021-05-23 00:00:00',4),(312,'RWB-6-009','2021-05-30 00:00:00',4),(313,'RWB-6-008','2021-05-30 00:00:00',4),(314,'RWB-6-002','2021-05-30 00:00:00',4),(315,'RWB-6-003','2021-05-30 00:00:00',4),(316,'RWB-6-004','2021-05-30 00:00:00',4),(317,'RWB-6-014','2021-05-30 00:00:00',4),(318,'RWB-2-032','2021-05-30 00:00:00',4),(319,'RWB-2-006','2021-05-30 00:00:00',4),(320,'RWB-2-045','2021-05-30 00:00:00',4),(321,'RWB-2-011','2021-05-30 00:00:00',4),(322,'RWB-2-067','2021-05-30 00:00:00',4),(323,'RWB-2-031','2021-05-30 00:00:00',4),(324,'RWB-2-027','2021-05-30 00:00:00',4),(325,'RWB-2-026','2021-05-30 00:00:00',4),(326,'RWB-2-048','2021-05-30 00:00:00',4),(327,'RWB-2-040','2021-05-30 00:00:00',4),(328,'RWB-2-036','2021-05-30 00:00:00',4),(329,'RWB-2-064','2021-05-30 00:00:00',4),(330,'RWB-2-009','2021-05-30 00:00:00',4),(331,'RWB-2-013','2021-05-30 00:00:00',4),(332,'RWB-2-052','2021-05-30 00:00:00',4),(333,'RWB-2-051','2021-05-30 00:00:00',4),(334,'RWB-6-020','2021-05-30 00:00:00',4),(335,'RWB-6-005','2021-05-30 00:00:00',4),(336,'RWB-2-060','2021-06-13 00:00:00',4),(337,'RWB-2-007','2021-06-13 00:00:00',4),(338,'RWB-6-020','2021-06-13 00:00:00',4),(339,'RWB-6-017','2021-06-13 00:00:00',4),(340,'RWB-2-008','2021-06-13 00:00:00',4),(341,'RWB-2-038','2021-06-13 00:00:00',4),(342,'RWB-2-055','2021-06-13 00:00:00',4),(343,'RWB-2-017','2021-06-13 00:00:00',4),(344,'RWB-6-012','2021-06-13 00:00:00',4),(345,'RWB-6-008','2021-06-13 00:00:00',4),(346,'RWB-6-011','2021-06-13 00:00:00',4),(347,'RWB-6-007','2021-06-13 00:00:00',4),(348,'RWB-6-015','2021-06-13 00:00:00',4),(349,'RWB-6-021','2021-06-13 00:00:00',4),(350,'RWB-2-028','2021-06-13 00:00:00',4),(351,'RWB-2-018','2021-06-13 00:00:00',4),(352,'RWB-4-001','2021-06-15 00:00:00',4),(353,'RWB-6-019','2021-06-15 00:00:00',4),(354,'RWB-6-001','2021-06-15 00:00:00',4),(355,'RWB-6-006','2021-06-15 00:00:00',4),(356,'RWB-2-010','2021-06-15 00:00:00',4),(357,'RWB-2-062','2021-06-15 00:00:00',4),(358,'RWB-2-044','2021-06-15 00:00:00',4),(359,'RWB-2-056','2021-06-15 00:00:00',4),(360,'RWB-2-005','2021-06-15 00:00:00',4),(361,'RWB-2-016','2021-06-15 00:00:00',4),(362,'RWB-2-029','2021-06-15 00:00:00',4),(363,'RWB-2-059','2021-06-20 00:00:00',4),(364,'RWB-2-053','2021-06-20 00:00:00',4),(365,'RWB-6-005','2021-06-20 00:00:00',4),(366,'RWB-6-009','2021-06-20 00:00:00',4),(367,'RWB-C-001','2021-06-19 00:00:00',4),(368,'RWB-2-006','2021-07-03 00:00:00',4),(369,'RWB-2-035','2021-07-03 00:00:00',4),(370,'RWB-2-055','2021-07-03 00:00:00',4),(371,'RWB-2-057','2021-07-03 00:00:00',4),(372,'RWB-2-027','2021-07-03 00:00:00',4),(373,'RWB-2-047','2021-07-03 00:00:00',4),(374,'RWB-2-014','2021-07-03 00:00:00',4),(375,'RWB-2-065','2021-07-03 00:00:00',4),(376,'RWB-2-012','2021-07-03 00:00:00',4),(377,'RWB-2-038','2021-07-03 00:00:00',4),(378,'RWB-2-044','2021-07-03 00:00:00',4),(379,'RWB-2-046','2021-07-03 00:00:00',4),(380,'RWB-2-042','2021-07-03 00:00:00',4),(381,'RWB-2-030','2021-07-03 00:00:00',4),(382,'RWB-2-033','2021-07-03 00:00:00',4),(383,'RWB-6-004','2021-07-03 00:00:00',4),(384,'RWB-6-021','2021-07-03 00:00:00',4),(385,'RWB-C-004','2021-07-17 00:00:00',4),(386,'RWB-C-004','2021-07-17 00:00:00',4),(387,'RWB-2-041','2021-07-18 00:00:00',4),(388,'RWB-2-031','2021-07-18 00:00:00',4),(389,'RWB-2-031','2021-07-18 00:00:00',4),(390,'RWB-2-031','2021-07-18 00:00:00',4),(391,'RWB-2-003','2021-07-18 00:00:00',4),(392,'RWB-2-004','2021-07-18 00:00:00',4),(393,'RWB-2-005','2021-07-18 00:00:00',4),(394,'RWB-2-007','2021-07-18 00:00:00',4),(395,'RWB-2-010','2021-07-18 00:00:00',4),(396,'RWB-2-015','2021-07-18 00:00:00',4),(397,'RWB-2-021','2021-07-18 00:00:00',4),(398,'RWB-2-022','2021-07-18 00:00:00',4),(399,'RWB-2-024','2021-07-18 00:00:00',4),(400,'RWB-2-040','2021-07-18 00:00:00',4),(401,'RWB-2-045','2021-07-18 00:00:00',4),(402,'RWB-2-049','2021-07-18 00:00:00',4),(403,'RWB-2-052','2021-07-18 00:00:00',4),(404,'RWB-2-058','2021-07-18 00:00:00',4),(405,'RWB-2-061','2021-07-18 00:00:00',4),(406,'RWB-2-063','2021-07-18 00:00:00',4),(407,'RWB-2-003','2021-07-18 00:00:00',4),(408,'RWB-2-004','2021-07-18 00:00:00',4),(409,'RWB-2-005','2021-07-18 00:00:00',4),(410,'RWB-2-007','2021-07-18 00:00:00',4),(411,'RWB-2-010','2021-07-18 00:00:00',4),(412,'RWB-2-015','2021-07-18 00:00:00',4),(413,'RWB-2-021','2021-07-18 00:00:00',4),(414,'RWB-2-022','2021-07-18 00:00:00',4),(415,'RWB-2-024','2021-07-18 00:00:00',4),(416,'RWB-2-040','2021-07-18 00:00:00',4),(417,'RWB-2-045','2021-07-18 00:00:00',4),(418,'RWB-2-049','2021-07-18 00:00:00',4),(419,'RWB-2-052','2021-07-18 00:00:00',4),(420,'RWB-2-058','2021-07-18 00:00:00',4),(421,'RWB-2-061','2021-07-18 00:00:00',4),(422,'RWB-2-063','2021-07-18 00:00:00',4),(423,'RWB-2-003','2021-07-18 00:00:00',4),(424,'RWB-2-004','2021-07-18 00:00:00',4),(425,'RWB-2-005','2021-07-18 00:00:00',4),(426,'RWB-2-007','2021-07-18 00:00:00',4),(427,'RWB-2-010','2021-07-18 00:00:00',4),(428,'RWB-2-015','2021-07-18 00:00:00',4),(429,'RWB-2-021','2021-07-18 00:00:00',4),(430,'RWB-2-022','2021-07-18 00:00:00',4),(431,'RWB-2-024','2021-07-18 00:00:00',4),(432,'RWB-2-040','2021-07-18 00:00:00',4),(433,'RWB-2-045','2021-07-18 00:00:00',4),(434,'RWB-2-049','2021-07-18 00:00:00',4),(435,'RWB-2-052','2021-07-18 00:00:00',4),(436,'RWB-2-058','2021-07-18 00:00:00',4),(437,'RWB-2-061','2021-07-18 00:00:00',4),(438,'RWB-2-063','2021-07-18 00:00:00',4),(439,'RWB-6-002','2021-07-18 00:00:00',4),(440,'RWB-6-007','2021-07-18 00:00:00',4),(441,'RWB-6-010','2021-07-18 00:00:00',4),(442,'RWB-6-014','2021-07-18 00:00:00',4),(443,'RWB-6-016','2021-07-18 00:00:00',4),(444,'RWB-6-017','2021-07-18 00:00:00',4),(445,'RWB-4-001','2021-07-18 00:00:00',4),(446,'RWB-2-018','2021-07-21 00:00:00',4),(447,'RWB-2-051','2021-07-21 00:00:00',4),(448,'RWB-6-008','2021-07-25 00:00:00',4),(449,'RWB-6-003','2021-07-25 00:00:00',4),(450,'RWB-6-012','2021-07-25 00:00:00',4),(451,'RWB-6-020','2021-07-25 00:00:00',4),(452,'RWB-6-021','2021-07-25 00:00:00',4),(453,'RWB-2-008','2021-07-25 00:00:00',4),(454,'RWB-2-056','2021-07-25 00:00:00',4),(455,'RWB-2-043','2021-07-25 00:00:00',4),(456,'RWB-2-019','2021-08-07 00:00:00',4),(457,'RWB-2-054','2021-08-07 00:00:00',4),(458,'RWB-2-011','2021-08-07 00:00:00',4),(459,'RWB-2-017','2021-08-07 00:00:00',4),(460,'RWB-2-023','2021-08-07 00:00:00',4),(461,'RWB-2-060','2021-08-07 00:00:00',4),(462,'RWB-2-026','2021-08-07 00:00:00',4),(463,'RWB-2-009','2021-08-07 00:00:00',4),(464,'RWB-2-057','2021-08-07 00:00:00',4),(465,'RWB-2-065','2021-08-07 00:00:00',4),(466,'RWB-2-030','2021-08-07 00:00:00',4),(467,'RWB-2-032','2021-08-07 00:00:00',4),(468,'RWB-C-001','2021-08-13 00:00:00',4),(469,'RWB-2-001','2021-08-22 00:00:00',4),(470,'RWB-2-013','2021-08-22 00:00:00',4),(471,'RWB-2-014','2021-08-22 00:00:00',4),(472,'RWB-2-018','2021-08-22 00:00:00',4),(473,'RWB-2-038','2021-08-22 00:00:00',4),(474,'RWB-2-046','2021-08-22 00:00:00',4),(475,'RWB-2-049','2021-08-22 00:00:00',4),(476,'RWB-2-050','2021-08-22 00:00:00',4),(477,'RWB-2-055','2021-08-22 00:00:00',4),(478,'RWB-2-064','2021-08-22 00:00:00',4),(479,'RWB-6-018','2021-08-22 00:00:00',4),(480,'RWB-6-014','2021-08-22 00:00:00',4),(481,'RWB-C-001','2021-08-23 00:00:00',4),(482,'RWB-2-027','2021-08-27 00:00:00',4),(483,'RWB-2-047','2021-08-27 00:00:00',4),(484,'RWB-2-006','2021-08-27 00:00:00',4),(485,'RWB-2-040','2021-08-27 00:00:00',4),(486,'RWB-4-001','2021-08-27 00:00:00',4),(487,'RWB-6-001','2021-09-02 05:20:49',4),(488,'RWB-2-028','2021-09-02 05:20:49',4),(489,'RWB-2-042','2021-09-02 05:20:49',4),(490,'RWB-2-048','2021-09-02 05:20:49',4),(491,'RWB-6-003','2021-09-05 04:58:53',4),(492,'RWB-2-012','2021-09-05 04:58:53',4),(493,'RWB-4-001','2021-09-05 04:58:53',4),(494,'RWB-2-003','2021-09-08 04:40:36',4),(495,'RWB-2-004','2021-09-08 04:40:36',4),(496,'RWB-2-016','2021-09-08 04:40:36',4),(497,'RWB-2-030','2021-09-08 04:40:36',4),(498,'RWB-2-062','2021-09-08 04:40:36',4),(499,'RWB-6-005','2021-09-18 07:39:41',4),(500,'RWB-6-014','2021-09-18 07:39:41',4),(501,'RWB-6-020','2021-09-18 07:39:41',4),(502,'RWB-2-007','2021-09-18 07:39:41',4),(503,'RWB-2-011','2021-09-18 07:39:41',4),(504,'RWB-2-031','2021-09-18 07:39:41',4),(505,'RWB-2-035','2021-09-18 07:39:41',4),(506,'RWB-2-043','2021-09-18 07:39:41',4),(507,'RWB-2-052','2021-09-18 07:39:41',4),(508,'RWB-2-053','2021-09-18 07:39:41',4),(509,'RWB-2-061','2021-09-18 07:39:41',4),(510,'RWB-6-011','2021-10-03 09:48:03',4),(511,'RWB-2-042','2021-10-03 09:48:03',4);
/*!40000 ALTER TABLE `keg_sani_history` ENABLE KEYS */;
UNLOCK TABLES;

--
-- Table structure for table `keg_types`
--

DROP TABLE IF EXISTS `keg_types`;
/*!40101 SET @saved_cs_client     = @@character_set_client */;
/*!50503 SET character_set_client = utf8mb4 */;
CREATE TABLE `keg_types` (
  `id` int(11) NOT NULL AUTO_INCREMENT,
  `type` varchar(45) NOT NULL,
  PRIMARY KEY (`id`)
) ENGINE=InnoDB AUTO_INCREMENT=5 DEFAULT CHARSET=latin1;
/*!40101 SET character_set_client = @saved_cs_client */;

--
-- Dumping data for table `keg_types`
--

LOCK TABLES `keg_types` WRITE;
/*!40000 ALTER TABLE `keg_types` DISABLE KEYS */;
INSERT INTO `keg_types` VALUES (1,'SIXTEL'),(2,'HALF-BARREL'),(3,'QTR-BARREL'),(4,'CORNELIUS');
/*!40000 ALTER TABLE `keg_types` ENABLE KEYS */;
UNLOCK TABLES;

--
-- Table structure for table `keg_wash_history`
--

DROP TABLE IF EXISTS `keg_wash_history`;
/*!40101 SET @saved_cs_client     = @@character_set_client */;
/*!50503 SET character_set_client = utf8mb4 */;
CREATE TABLE `keg_wash_history` (
  `Id` int(11) NOT NULL AUTO_INCREMENT,
  `FK_RWBId` varchar(45) NOT NULL,
  `WashDate` datetime DEFAULT NULL,
  `FK_WashChemicalId` int(11) NOT NULL,
  PRIMARY KEY (`Id`),
  KEY `fk_keg_rwbid_idx` (`FK_RWBId`),
  KEY `fk_wash_chemical_idx` (`FK_WashChemicalId`),
  CONSTRAINT `fk_rwbid` FOREIGN KEY (`FK_RWBId`) REFERENCES `keg_info` (`RWBId`) ON DELETE NO ACTION ON UPDATE NO ACTION,
  CONSTRAINT `fk_washchemical` FOREIGN KEY (`FK_WashChemicalId`) REFERENCES `chemicals` (`Id`) ON DELETE NO ACTION ON UPDATE NO ACTION
) ENGINE=InnoDB AUTO_INCREMENT=533 DEFAULT CHARSET=latin1;
/*!40101 SET character_set_client = @saved_cs_client */;

--
-- Dumping data for table `keg_wash_history`
--

LOCK TABLES `keg_wash_history` WRITE;
/*!40000 ALTER TABLE `keg_wash_history` DISABLE KEYS */;
INSERT INTO `keg_wash_history` VALUES (1,'RWB-2-032','2021-01-13 00:00:00',2),(2,'RWB-2-064','2021-01-13 00:00:00',2),(3,'RWB-2-049','2021-01-13 00:00:00',2),(4,'RWB-2-017','2021-01-13 00:00:00',2),(5,'RWB-2-011','2021-01-13 00:00:00',2),(6,'RWB-2-007','2021-01-08 00:00:00',1),(7,'RWB-2-044','2021-01-08 00:00:00',1),(8,'RWB-2-002','2021-01-02 00:00:00',1),(9,'RWB-2-004','2021-01-02 00:00:00',1),(10,'RWB-2-006','2021-01-02 00:00:00',1),(11,'RWB-2-010','2021-01-02 00:00:00',1),(12,'RWB-2-025','2021-01-02 00:00:00',1),(13,'RWB-2-063','2021-01-02 00:00:00',1),(14,'RWB-6-021','2021-01-02 00:00:00',1),(15,'RWB-2-008','2020-12-26 00:00:00',1),(16,'RWB-2-021','2020-12-26 00:00:00',1),(17,'RWB-2-023','2020-12-26 00:00:00',1),(18,'RWB-2-041','2020-12-26 00:00:00',1),(19,'RWB-2-030','2020-12-26 00:00:00',1),(20,'RWB-2-043','2020-12-26 00:00:00',1),(21,'RWB-2-060','2020-12-26 00:00:00',1),(22,'RWB-6-010','2020-12-26 00:00:00',1),(23,'RWB-6-020','2020-12-26 00:00:00',1),(24,'RWB-2-001','2020-12-18 00:00:00',2),(25,'RWB-2-003','2020-12-18 00:00:00',2),(26,'RWB-2-046','2020-12-18 00:00:00',2),(27,'RWB-2-057','2020-12-18 00:00:00',2),(28,'RWB-2-026','2020-12-18 00:00:00',2),(29,'RWB-2-035','2020-12-18 00:00:00',2),(30,'RWB-6-003','2020-12-18 00:00:00',2),(31,'RWB-6-011','2020-12-18 00:00:00',2),(32,'RWB-2-034','2020-12-10 00:00:00',1),(33,'RWB-2-048','2020-12-07 00:00:00',2),(34,'RWB-2-050','2020-12-07 00:00:00',2),(35,'RWB-2-052','2020-12-07 00:00:00',2),(36,'RWB-2-065','2020-12-07 00:00:00',2),(37,'RWB-6-015','2020-12-07 00:00:00',2),(38,'RWB-6-001','2020-12-07 00:00:00',2),(39,'RWB-6-017','2020-12-07 00:00:00',2),(40,'RWB-6-019','2020-12-07 00:00:00',2),(41,'RWB-2-051','2020-12-06 00:00:00',1),(42,'RWB-6-006','2020-12-06 00:00:00',1),(43,'RWB-2-055','2020-11-28 00:00:00',1),(44,'RWB-2-019','2020-11-28 00:00:00',1),(45,'RWB-2-049','2020-11-28 00:00:00',1),(46,'RWB-2-007','2020-11-22 00:00:00',2),(47,'RWB-2-016','2020-11-22 00:00:00',2),(48,'RWB-2-018','2020-11-22 00:00:00',2),(49,'RWB-2-027','2020-11-22 00:00:00',2),(50,'RWB-2-053','2020-11-22 00:00:00',2),(51,'RWB-4-001','2020-11-22 00:00:00',2),(52,'RWB-6-004','2020-11-22 00:00:00',2),(53,'RWB-2-033','2020-11-16 00:00:00',2),(54,'RWB-2-022','2020-11-14 00:00:00',1),(55,'RWB-2-025','2020-11-14 00:00:00',1),(56,'RWB-2-058','2020-11-14 00:00:00',1),(57,'RWB-2-032','2020-11-14 00:00:00',1),(58,'RWB-6-008','2020-11-14 00:00:00',1),(59,'RWB-6-014','2020-11-14 00:00:00',1),(60,'RWB-2-012','2020-11-09 00:00:00',2),(61,'RWB-2-015','2020-11-09 00:00:00',2),(62,'RWB-2-054','2020-11-09 00:00:00',2),(63,'RWB-2-031','2020-11-09 00:00:00',2),(64,'RWB-2-064','2020-11-09 00:00:00',2),(65,'RWB-6-017','2020-11-09 00:00:00',2),(66,'RWB-2-001','2020-11-05 00:00:00',2),(67,'RWB-2-013','2020-11-05 00:00:00',2),(68,'RWB-2-020','2020-11-05 00:00:00',2),(69,'RWB-2-024','2020-11-05 00:00:00',2),(70,'RWB-2-040','2020-11-05 00:00:00',2),(71,'RWB-2-047','2020-11-05 00:00:00',2),(72,'RWB-2-056','2020-11-05 00:00:00',2),(73,'RWB-2-059','2020-11-05 00:00:00',2),(74,'RWB-2-030','2020-11-05 00:00:00',2),(75,'RWB-6-005','2020-11-05 00:00:00',2),(76,'RWB-6-007','2020-11-05 00:00:00',2),(77,'RWB-6-010','2020-11-05 00:00:00',2),(78,'RWB-6-014','2020-11-05 00:00:00',2),(79,'RWB-6-019','2020-11-05 00:00:00',2),(80,'RWB-2-014','2020-10-21 00:00:00',1),(81,'RWB-2-028','2020-10-21 00:00:00',1),(82,'RWB-2-029','2020-10-21 00:00:00',1),(83,'RWB-2-062','2020-10-21 00:00:00',1),(84,'RWB-2-063','2020-10-21 00:00:00',1),(85,'RWB-6-004','2020-10-21 00:00:00',1),(86,'RWB-2-003','2020-10-16 00:00:00',1),(87,'RWB-2-017','2020-10-16 00:00:00',1),(88,'RWB-2-021','2020-10-16 00:00:00',1),(89,'RWB-2-044','2020-10-16 00:00:00',1),(90,'RWB-2-045','2020-10-16 00:00:00',1),(91,'RWB-2-057','2020-10-16 00:00:00',1),(92,'RWB-2-027','2020-10-16 00:00:00',1),(93,'RWB-6-020','2020-10-16 00:00:00',1),(94,'RWB-2-023','2020-10-11 00:00:00',1),(95,'RWB-2-041','2020-10-11 00:00:00',1),(96,'RWB-2-050','2020-10-11 00:00:00',1),(97,'RWB-2-002','2020-09-26 00:00:00',2),(98,'RWB-2-004','2020-09-26 00:00:00',2),(99,'RWB-2-023','2020-09-26 00:00:00',2),(100,'RWB-2-024','2020-09-26 00:00:00',2),(101,'RWB-2-025','2020-09-26 00:00:00',2),(102,'RWB-2-026','2020-09-26 00:00:00',2),(103,'RWB-2-058','2020-09-26 00:00:00',2),(104,'RWB-2-059','2020-09-26 00:00:00',2),(105,'RWB-2-060','2020-09-26 00:00:00',2),(106,'RWB-2-061','2020-09-26 00:00:00',2),(107,'RWB-6-001','2020-09-26 00:00:00',2),(108,'RWB-6-002','2020-09-26 00:00:00',2),(109,'RWB-6-013','2020-09-26 00:00:00',2),(110,'RWB-2-008','2020-09-13 00:00:00',1),(111,'RWB-2-010','2020-09-13 00:00:00',1),(112,'RWB-2-019','2020-09-13 00:00:00',1),(113,'RWB-2-020','2020-09-13 00:00:00',1),(114,'RWB-2-021','2020-09-13 00:00:00',1),(115,'RWB-2-022','2020-09-13 00:00:00',1),(116,'RWB-2-051','2020-09-13 00:00:00',1),(117,'RWB-2-052','2020-09-13 00:00:00',1),(118,'RWB-2-053','2020-09-13 00:00:00',1),(119,'RWB-2-054','2020-09-13 00:00:00',1),(120,'RWB-2-055','2020-09-13 00:00:00',1),(121,'RWB-2-056','2020-09-13 00:00:00',1),(122,'RWB-2-057','2020-09-13 00:00:00',1),(123,'RWB-2-006','2020-08-29 00:00:00',2),(124,'RWB-2-046','2020-08-29 00:00:00',2),(125,'RWB-2-013','2020-08-29 00:00:00',2),(126,'RWB-2-014','2020-08-29 00:00:00',2),(127,'RWB-2-015','2020-08-29 00:00:00',2),(128,'RWB-2-016','2020-08-29 00:00:00',2),(129,'RWB-2-017','2020-08-29 00:00:00',2),(130,'RWB-2-018','2020-08-29 00:00:00',2),(131,'RWB-2-047','2020-08-29 00:00:00',2),(132,'RWB-2-048','2020-08-29 00:00:00',2),(133,'RWB-2-049','2020-08-29 00:00:00',2),(134,'RWB-2-050','2020-08-29 00:00:00',2),(135,'RWB-4-001','2020-08-29 00:00:00',2),(136,'RWB-2-010','2020-08-16 00:00:00',2),(137,'RWB-2-011','2020-08-16 00:00:00',2),(138,'RWB-2-012','2020-08-16 00:00:00',2),(139,'RWB-2-040','2020-08-16 00:00:00',2),(140,'RWB-2-041','2020-08-16 00:00:00',2),(141,'RWB-2-042','2020-08-16 00:00:00',2),(142,'RWB-2-043','2020-08-16 00:00:00',2),(143,'RWB-2-044','2020-08-16 00:00:00',2),(144,'RWB-2-045','2020-08-16 00:00:00',2),(145,'RWB-2-046','2020-08-16 00:00:00',2),(146,'RWB-2-001','2020-08-15 00:00:00',1),(147,'RWB-2-002','2020-08-15 00:00:00',1),(148,'RWB-2-003','2020-08-15 00:00:00',1),(149,'RWB-2-004','2020-08-15 00:00:00',1),(150,'RWB-2-005','2020-08-15 00:00:00',1),(151,'RWB-2-007','2020-08-15 00:00:00',2),(152,'RWB-2-008','2020-08-15 00:00:00',2),(153,'RWB-2-009','2020-08-15 00:00:00',2),(154,'RWB-2-001','2020-08-15 00:00:00',2),(155,'RWB-2-002','2020-08-15 00:00:00',2),(156,'RWB-2-003','2020-08-15 00:00:00',2),(157,'RWB-2-004','2020-08-15 00:00:00',2),(158,'RWB-2-005','2020-08-15 00:00:00',2),(159,'RWB-2-006','2020-08-02 00:00:00',2),(160,'RWB-6-001','2020-08-02 00:00:00',1),(161,'RWB-6-002','2020-08-02 00:00:00',1),(162,'RWB-6-003','2020-08-02 00:00:00',1),(163,'RWB-6-004','2020-08-02 00:00:00',1),(164,'RWB-6-005','2020-08-02 00:00:00',1),(165,'RWB-6-006','2020-08-02 00:00:00',1),(166,'RWB-6-007','2020-08-02 00:00:00',1),(167,'RWB-6-008','2020-08-02 00:00:00',1),(168,'RWB-6-009','2020-08-02 00:00:00',1),(169,'RWB-6-010','2020-08-02 00:00:00',1),(170,'RWB-6-011','2020-08-02 00:00:00',1),(171,'RWB-6-012','2020-08-02 00:00:00',1),(172,'RWB-6-013','2020-08-02 00:00:00',1),(173,'RWB-6-014','2020-08-02 00:00:00',1),(174,'RWB-6-015','2020-08-02 00:00:00',1),(175,'RWB-6-016','2020-08-02 00:00:00',1),(176,'RWB-6-017','2020-08-02 00:00:00',1),(177,'RWB-6-018','2020-08-02 00:00:00',1),(178,'RWB-6-019','2020-08-02 00:00:00',1),(179,'RWB-6-020','2020-08-02 00:00:00',1),(180,'RWB-6-001','2020-08-02 00:00:00',2),(181,'RWB-6-002','2020-08-02 00:00:00',2),(182,'RWB-6-003','2020-08-02 00:00:00',2),(183,'RWB-6-004','2020-08-02 00:00:00',2),(184,'RWB-6-005','2020-08-02 00:00:00',2),(185,'RWB-6-006','2020-08-02 00:00:00',2),(186,'RWB-6-007','2020-08-02 00:00:00',2),(187,'RWB-6-008','2020-08-02 00:00:00',2),(188,'RWB-6-009','2020-08-02 00:00:00',2),(189,'RWB-6-010','2020-08-02 00:00:00',2),(190,'RWB-6-011','2020-08-02 00:00:00',2),(191,'RWB-6-012','2020-08-02 00:00:00',2),(192,'RWB-6-013','2020-08-02 00:00:00',2),(193,'RWB-6-014','2020-08-02 00:00:00',2),(194,'RWB-6-015','2020-08-02 00:00:00',2),(195,'RWB-6-016','2020-08-02 00:00:00',2),(196,'RWB-6-017','2020-08-02 00:00:00',2),(197,'RWB-6-018','2020-08-02 00:00:00',2),(198,'RWB-6-019','2020-08-02 00:00:00',2),(199,'RWB-6-020','2020-08-02 00:00:00',2),(200,'RWB-2-040','2021-01-16 00:00:00',1),(201,'RWB-2-029','2021-01-16 00:00:00',1),(202,'RWB-2-045','2021-01-16 00:00:00',1),(203,'RWB-2-046','2021-01-16 00:00:00',1),(204,'RWB-2-053','2021-01-16 00:00:00',1),(205,'RWB-2-062','2021-01-24 00:00:00',2),(206,'RWB-2-057','2021-01-24 00:00:00',2),(207,'RWB-2-036','2021-01-24 00:00:00',2),(208,'RWB-2-066','2021-01-24 00:00:00',2),(209,'RWB-2-037','2021-01-26 00:00:00',1),(210,'RWB-6-015','2021-01-26 00:00:00',1),(211,'RWB-2-019','2021-01-26 00:00:00',1),(212,'RWB-2-031','2021-01-26 00:00:00',1),(213,'RWB-2-050','2021-01-26 00:00:00',1),(214,'RWB-4-001','2021-01-26 00:00:00',1),(215,'RWB-2-042','2021-01-30 00:00:00',1),(216,'RWB-2-061','2021-01-30 00:00:00',1),(217,'RWB-2-058','2021-01-30 00:00:00',1),(218,'RWB-2-035','2021-01-30 00:00:00',1),(219,'RWB-2-016','2021-01-30 00:00:00',1),(220,'RWB-2-016','2021-01-30 00:00:00',1),(221,'RWB-6-008','2021-02-06 00:00:00',1),(222,'RWB-6-003','2021-02-06 00:00:00',1),(223,'RWB-6-019','2021-02-06 00:00:00',1),(224,'RWB-6-017','2021-02-06 00:00:00',1),(225,'RWB-2-003','2021-02-06 00:00:00',1),(226,'RWB-2-052','2021-02-06 00:00:00',1),(227,'RWB-2-053','2021-02-06 00:00:00',1),(228,'RWB-2-033','2021-02-06 00:00:00',1),(229,'RWB-2-056','2021-02-06 00:00:00',1),(230,'RWB-2-065','2021-02-06 00:00:00',1),(231,'RWB-6-008','2021-02-06 00:00:00',1),(232,'RWB-6-003','2021-02-06 00:00:00',1),(233,'RWB-6-019','2021-02-06 00:00:00',1),(234,'RWB-6-017','2021-02-06 00:00:00',1),(235,'RWB-2-003','2021-02-06 00:00:00',1),(236,'RWB-2-052','2021-02-06 00:00:00',1),(237,'RWB-2-053','2021-02-06 00:00:00',1),(238,'RWB-2-033','2021-02-06 00:00:00',1),(239,'RWB-2-056','2021-02-06 00:00:00',1),(240,'RWB-2-065','2021-02-06 00:00:00',1),(241,'RWB-2-024','2021-02-14 00:00:00',1),(242,'RWB-2-009','2021-02-14 00:00:00',1),(243,'RWB-2-055','2021-02-14 00:00:00',1),(244,'RWB-2-054','2021-02-14 00:00:00',1),(245,'RWB-6-021','2021-02-14 00:00:00',1),(246,'RWB-6-003','2021-02-14 00:00:00',1),(247,'RWB-6-002','2021-02-14 00:00:00',1),(248,'RWB-6-016','2021-03-06 00:00:00',2),(249,'RWB-6-010','2021-03-06 00:00:00',2),(250,'RWB-6-011','2021-03-06 00:00:00',2),(251,'RWB-6-012','2021-03-06 00:00:00',2),(252,'RWB-6-015','2021-03-06 00:00:00',2),(253,'RWB-6-002','2021-03-06 00:00:00',2),(254,'RWB-6-014','2021-03-06 00:00:00',2),(255,'RWB-6-017','2021-03-06 00:00:00',2),(256,'RWB-2-005','2021-03-06 00:00:00',2),(257,'RWB-2-007','2021-03-06 00:00:00',2),(258,'RWB-2-014','2021-03-06 00:00:00',2),(259,'RWB-2-016','2021-03-06 00:00:00',2),(260,'RWB-2-028','2021-03-06 00:00:00',2),(261,'RWB-2-037','2021-03-06 00:00:00',2),(262,'RWB-2-044','2021-03-06 00:00:00',2),(263,'RWB-2-067','2021-03-06 00:00:00',2),(264,'RWB-2-018','2021-03-15 00:00:00',8),(265,'RWB-2-027','2021-03-15 00:00:00',8),(266,'RWB-2-015','2021-03-15 00:00:00',8),(267,'RWB-2-049','2021-03-15 00:00:00',8),(268,'RWB-2-036','2021-03-15 00:00:00',8),(269,'RWB-2-059','2021-03-15 00:00:00',8),(270,'RWB-2-047','2021-03-15 00:00:00',8),(271,'RWB-2-048','2021-03-15 00:00:00',8),(272,'RWB-2-064','2021-03-15 00:00:00',8),(273,'RWB-2-001','2021-03-15 00:00:00',8),(274,'RWB-2-026','2021-03-20 00:00:00',8),(275,'RWB-2-062','2021-03-20 00:00:00',8),(276,'RWB-2-013','2021-03-20 00:00:00',8),(277,'RWB-6-017','2021-03-20 00:00:00',8),(278,'RWB-6-001','2021-03-20 00:00:00',8),(279,'RWB-2-046','2021-03-20 00:00:00',8),(280,'RWB-2-004','2021-03-20 00:00:00',7),(281,'RWB-4-001','2021-03-20 00:00:00',7),(282,'RWB-2-050','2021-03-20 00:00:00',7),(283,'RWB-2-043','2021-03-20 00:00:00',7),(284,'RWB-2-002','2021-03-20 00:00:00',7),(285,'RWB-C-002','2021-03-20 00:00:00',8),(286,'RWB-2-063','2021-03-20 00:00:00',7),(287,'RWB-2-045','2021-03-29 00:00:00',7),(288,'RWB-2-029','2021-03-29 00:00:00',7),(289,'RWB-2-022','2021-04-03 00:00:00',7),(290,'RWB-2-025','2021-04-03 00:00:00',7),(291,'RWB-2-006','2021-04-03 00:00:00',7),(292,'RWB-2-023','2021-04-03 00:00:00',7),(293,'RWB-2-041','2021-04-03 00:00:00',7),(294,'RWB-2-031','2021-04-03 00:00:00',7),(295,'RWB-2-008','2021-04-03 00:00:00',7),(296,'RWB-2-033','2021-04-03 00:00:00',7),(297,'RWB-6-005','2021-04-06 00:00:00',8),(298,'RWB-6-018','2021-04-06 00:00:00',8),(299,'RWB-6-019','2021-04-06 00:00:00',8),(300,'RWB-6-012','2021-04-06 00:00:00',8),(301,'RWB-4-001','2021-04-06 00:00:00',8),(302,'RWB-2-017','2021-04-06 00:00:00',8),(303,'RWB-2-036','2021-04-10 00:00:00',8),(304,'RWB-2-014','2021-04-10 00:00:00',8),(305,'RWB-2-065','2021-04-10 00:00:00',8),(306,'RWB-2-012','2021-04-10 00:00:00',8),(307,'RWB-2-030','2021-04-10 00:00:00',8),(308,'RWB-2-040','2021-04-10 00:00:00',8),(309,'RWB-6-011','2021-04-10 00:00:00',8),(310,'RWB-2-007','2021-04-23 00:00:00',8),(311,'RWB-2-016','2021-04-23 00:00:00',8),(312,'RWB-2-057','2021-04-23 00:00:00',8),(313,'RWB-6-006','2021-04-24 00:00:00',7),(314,'RWB-6-021','2021-04-24 00:00:00',7),(315,'RWB-6-006','2021-04-24 00:00:00',7),(316,'RWB-2-043','2021-04-24 00:00:00',7),(317,'RWB-2-024','2021-04-24 00:00:00',7),(318,'RWB-2-055','2021-04-24 00:00:00',7),(319,'RWB-6-001','2021-04-24 00:00:00',7),(320,'RWB-2-021','2021-04-24 00:00:00',7),(321,'RWB-2-042','2021-04-26 00:00:00',7),(322,'RWB-2-061','2021-05-09 00:00:00',7),(323,'RWB-2-053','2021-05-09 00:00:00',7),(324,'RWB-2-051','2021-05-09 00:00:00',7),(325,'RWB-2-003','2021-05-09 00:00:00',7),(326,'RWB-2-054','2021-05-09 00:00:00',7),(327,'RWB-2-058','2021-05-09 00:00:00',7),(328,'RWB-6-017','2021-05-09 00:00:00',7),(329,'RWB-6-009','2021-05-09 00:00:00',7),(330,'RWB-6-008','2021-05-09 00:00:00',7),(331,'RWB-6-003','2021-05-09 00:00:00',7),(332,'RWB-6-020','2021-05-09 00:00:00',7),(333,'RWB-6-019','2021-05-09 00:00:00',7),(334,'RWB-6-016','2021-05-12 00:00:00',8),(335,'RWB-6-021','2021-05-12 00:00:00',8),(336,'RWB-6-015','2021-05-12 00:00:00',8),(337,'RWB-2-025','2021-05-12 00:00:00',8),(338,'RWB-2-004','2021-05-12 00:00:00',8),(339,'RWB-2-002','2021-05-12 00:00:00',8),(340,'RWB-2-066','2021-05-12 00:00:00',8),(341,'RWB-2-028','2021-05-12 00:00:00',8),(342,'RWB-C-003','2021-05-12 00:00:00',8),(343,'RWB-6-007','2021-05-14 00:00:00',8),(344,'RWB-6-010','2021-05-14 00:00:00',8),(345,'RWB-2-005','2021-05-14 00:00:00',8),(346,'RWB-4-001','2021-05-25 00:00:00',7),(347,'RWB-6-009','2021-05-27 00:00:00',8),(348,'RWB-6-008','2021-05-27 00:00:00',8),(349,'RWB-6-002','2021-05-27 00:00:00',8),(350,'RWB-6-003','2021-05-27 00:00:00',8),(351,'RWB-6-004','2021-05-27 00:00:00',8),(352,'RWB-6-014','2021-05-27 00:00:00',8),(353,'RWB-2-006','2021-05-27 00:00:00',8),(354,'RWB-2-045','2021-05-27 00:00:00',8),(355,'RWB-2-032','2021-05-27 00:00:00',8),(356,'RWB-2-011','2021-05-27 00:00:00',8),(357,'RWB-2-067','2021-05-27 00:00:00',8),(358,'RWB-2-031','2021-05-27 00:00:00',8),(359,'RWB-2-027','2021-05-29 00:00:00',7),(360,'RWB-2-026','2021-05-29 00:00:00',7),(361,'RWB-2-048','2021-05-29 00:00:00',7),(362,'RWB-2-040','2021-05-29 00:00:00',7),(363,'RWB-2-036','2021-05-29 00:00:00',7),(364,'RWB-2-064','2021-05-29 00:00:00',7),(365,'RWB-2-009','2021-05-29 00:00:00',7),(366,'RWB-2-013','2021-05-29 00:00:00',7),(367,'RWB-2-052','2021-05-29 00:00:00',7),(368,'RWB-2-051','2021-05-29 00:00:00',7),(369,'RWB-6-020','2021-05-25 00:00:00',7),(370,'RWB-6-005','2021-05-25 00:00:00',7),(371,'RWB-6-001','2021-06-07 00:00:00',1),(372,'RWB-6-019','2021-06-07 00:00:00',8),(373,'RWB-6-006','2021-06-07 00:00:00',8),(374,'RWB-2-005','2021-06-11 00:00:00',7),(375,'RWB-2-010','2021-06-11 00:00:00',7),(376,'RWB-2-044','2021-06-11 00:00:00',7),(377,'RWB-2-062','2021-06-11 00:00:00',7),(378,'RWB-2-056','2021-06-11 00:00:00',7),(379,'RWB-2-016','2021-06-11 00:00:00',7),(380,'RWB-2-008','2021-06-12 00:00:00',8),(381,'RWB-2-055','2021-06-12 00:00:00',8),(382,'RWB-6-017','2021-06-12 00:00:00',8),(383,'RWB-6-020','2021-06-12 00:00:00',8),(384,'RWB-6-021','2021-06-13 00:00:00',7),(385,'RWB-6-012','2021-06-13 00:00:00',7),(386,'RWB-6-015','2021-06-13 00:00:00',7),(387,'RWB-6-007','2021-06-13 00:00:00',7),(388,'RWB-6-008','2021-06-13 00:00:00',7),(389,'RWB-6-011','2021-06-13 00:00:00',7),(390,'RWB-2-038','2021-06-13 00:00:00',7),(391,'RWB-2-028','2021-06-13 00:00:00',7),(392,'RWB-2-017','2021-06-13 00:00:00',7),(393,'RWB-2-018','2021-06-13 00:00:00',7),(394,'RWB-2-060','2021-06-13 00:00:00',7),(395,'RWB-2-007','2021-06-13 00:00:00',7),(396,'RWB-2-029','2021-06-12 00:00:00',8),(397,'RWB-2-053','2021-06-19 00:00:00',7),(398,'RWB-2-059','2021-06-19 00:00:00',7),(399,'RWB-6-005','2021-06-19 00:00:00',7),(400,'RWB-6-009','2021-06-19 00:00:00',7),(401,'RWB-C-001','2021-06-19 00:00:00',7),(402,'RWB-2-027','2021-07-01 00:00:00',8),(403,'RWB-2-033','2021-07-01 00:00:00',8),(404,'RWB-2-038','2021-07-01 00:00:00',8),(405,'RWB-2-042','2021-07-01 00:00:00',8),(406,'RWB-2-044','2021-07-01 00:00:00',8),(407,'RWB-6-021','2021-07-01 00:00:00',8),(408,'RWB-2-065','2021-07-02 00:00:00',7),(409,'RWB-2-065','2021-07-02 00:00:00',7),(410,'RWB-2-006','2021-07-02 00:00:00',7),(411,'RWB-2-012','2021-07-02 00:00:00',7),(412,'RWB-2-014','2021-07-02 00:00:00',7),(413,'RWB-2-030','2021-07-02 00:00:00',7),(414,'RWB-2-046','2021-07-02 00:00:00',7),(415,'RWB-2-047','2021-07-02 00:00:00',7),(416,'RWB-2-055','2021-07-02 00:00:00',7),(417,'RWB-2-057','2021-07-02 00:00:00',7),(418,'RWB-6-004','2021-07-02 00:00:00',7),(419,'RWB-2-035','2021-07-02 00:00:00',7),(420,'RWB-C-001','2021-07-17 00:00:00',8),(421,'RWB-2-003','2021-07-18 00:00:00',8),(422,'RWB-2-004','2021-07-18 00:00:00',8),(423,'RWB-2-005','2021-07-18 00:00:00',8),(424,'RWB-2-007','2021-07-18 00:00:00',8),(425,'RWB-2-010','2021-07-18 00:00:00',8),(426,'RWB-2-015','2021-07-18 00:00:00',8),(427,'RWB-2-021','2021-07-18 00:00:00',8),(428,'RWB-2-022','2021-07-18 00:00:00',8),(429,'RWB-2-024','2021-07-18 00:00:00',8),(430,'RWB-2-031','2021-07-18 00:00:00',8),(431,'RWB-2-040','2021-07-18 00:00:00',8),(432,'RWB-2-041','2021-07-18 00:00:00',8),(433,'RWB-2-045','2021-07-18 00:00:00',8),(434,'RWB-2-049','2021-07-18 00:00:00',8),(435,'RWB-2-052','2021-07-18 00:00:00',8),(436,'RWB-2-058','2021-07-18 00:00:00',8),(437,'RWB-2-061','2021-07-18 00:00:00',8),(438,'RWB-2-063','2021-07-18 00:00:00',8),(439,'RWB-4-001','2021-07-18 00:00:00',8),(440,'RWB-6-002','2021-07-18 00:00:00',8),(441,'RWB-6-007','2021-07-18 00:00:00',8),(442,'RWB-6-010','2021-07-18 00:00:00',8),(443,'RWB-6-014','2021-07-18 00:00:00',8),(444,'RWB-6-016','2021-07-18 00:00:00',8),(445,'RWB-6-017','2021-07-18 00:00:00',8),(446,'RWB-2-018','2021-07-21 00:00:00',8),(447,'RWB-2-051','2021-07-21 00:00:00',8),(448,'RWB-2-018','2021-07-21 00:00:00',8),(449,'RWB-2-051','2021-07-21 00:00:00',8),(450,'RWB-6-021','2021-07-24 00:00:00',8),(451,'RWB-6-008','2021-07-24 00:00:00',8),(452,'RWB-6-003','2021-07-24 00:00:00',8),(453,'RWB-6-020','2021-07-24 00:00:00',8),(454,'RWB-6-012','2021-07-24 00:00:00',8),(455,'RWB-2-008','2021-07-24 00:00:00',8),(456,'RWB-2-056','2021-07-24 00:00:00',8),(457,'RWB-2-043','2021-07-25 00:00:00',7),(458,'RWB-2-009','2021-08-01 00:00:00',8),(459,'RWB-2-011','2021-08-01 00:00:00',8),(460,'RWB-2-026','2021-08-01 00:00:00',8),(461,'RWB-2-030','2021-08-01 00:00:00',8),(462,'RWB-2-032','2021-08-01 00:00:00',8),(463,'RWB-2-057','2021-08-01 00:00:00',8),(464,'RWB-2-054','2021-08-01 00:00:00',8),(465,'RWB-2-060','2021-08-01 00:00:00',8),(466,'RWB-2-065','2021-08-01 00:00:00',8),(467,'RWB-2-017','2021-08-01 00:00:00',8),(468,'RWB-2-023','2021-08-01 00:00:00',8),(469,'RWB-2-019','2021-08-02 00:00:00',7),(470,'RWB-2-014','2021-08-11 00:00:00',8),(471,'RWB-2-001','2021-08-11 00:00:00',8),(472,'RWB-2-038','2021-08-11 00:00:00',8),(473,'RWB-2-049','2021-08-19 00:00:00',7),(474,'RWB-6-014','2021-08-19 00:00:00',7),(475,'RWB-2-013','2021-08-20 00:00:00',7),(476,'RWB-2-064','2021-08-20 00:00:00',7),(477,'RWB-2-018','2021-08-20 00:00:00',7),(478,'RWB-2-046','2021-08-20 00:00:00',7),(479,'RWB-2-050','2021-08-21 00:00:00',8),(480,'RWB-2-055','2021-08-21 00:00:00',8),(481,'RWB-6-018','2021-08-21 00:00:00',8),(482,'RWB-C-001','2021-08-23 00:00:00',8),(483,'RWB-2-027','2021-08-25 00:00:00',8),(484,'RWB-2-047','2021-08-25 00:00:00',8),(485,'RWB-2-040','2021-08-25 00:00:00',8),(486,'RWB-4-001','2021-08-25 00:00:00',8),(487,'RWB-2-027','2021-08-27 00:00:00',7),(488,'RWB-2-047','2021-08-27 00:00:00',7),(489,'RWB-2-006','2021-08-27 00:00:00',7),(490,'RWB-2-040','2021-08-27 00:00:00',7),(491,'RWB-6-001','2021-09-02 00:00:00',8),(492,'RWB-2-028','2021-09-02 00:00:00',8),(493,'RWB-2-042','2021-09-02 00:00:00',8),(494,'RWB-2-048','2021-09-02 00:00:00',8),(495,'RWB-6-003','2021-09-04 00:00:00',8),(496,'RWB-2-012','2021-09-04 00:00:00',8),(497,'RWB-4-001','2021-09-04 00:00:00',8),(498,'RWB-2-003','2021-09-08 00:00:00',7),(499,'RWB-2-004','2021-09-08 00:00:00',7),(500,'RWB-2-016','2021-09-08 00:00:00',7),(501,'RWB-2-062','2021-09-08 00:00:00',7),(502,'RWB-2-030','2021-09-08 00:00:00',7),(503,'RWB-6-005','2021-09-18 00:00:00',8),(504,'RWB-6-014','2021-09-18 00:00:00',8),(505,'RWB-6-020','2021-09-17 00:00:00',7),(506,'RWB-2-007','2021-09-17 00:00:00',7),(507,'RWB-2-011','2021-09-17 00:00:00',7),(508,'RWB-2-031','2021-09-17 00:00:00',7),(509,'RWB-2-035','2021-09-18 00:00:00',8),(510,'RWB-2-043','2021-09-18 00:00:00',8),(511,'RWB-2-052','2021-09-17 00:00:00',7),(512,'RWB-2-053','2021-09-18 00:00:00',8),(513,'RWB-2-061','2021-09-17 00:00:00',7),(514,'RWB-6-001','2021-09-26 00:00:00',7),(515,'RWB-6-008','2021-09-26 00:00:00',7),(516,'RWB-6-009','2021-09-26 00:00:00',7),(517,'RWB-6-017','2021-09-26 00:00:00',7),(518,'RWB-6-018','2021-09-26 00:00:00',7),(519,'RWB-6-021','2021-09-26 00:00:00',7),(520,'RWB-2-005','2021-09-26 00:00:00',7),(521,'RWB-2-036','2021-09-26 00:00:00',7),(522,'RWB-2-044','2021-09-26 00:00:00',7),(523,'RWB-2-057','2021-09-26 00:00:00',7),(524,'RWB-6-011','2021-10-02 00:00:00',8),(525,'RWB-2-042','2021-10-02 00:00:00',8),(526,'RWB-6-004','2021-10-06 00:00:00',7),(527,'RWB-2-008','2021-10-06 00:00:00',7),(528,'RWB-2-009','2021-10-06 00:00:00',7),(529,'RWB-2-024','2021-10-06 00:00:00',7),(530,'RWB-2-033','2021-10-06 00:00:00',7),(531,'RWB-2-041','2021-10-06 00:00:00',7),(532,'RWB-2-066','2021-10-06 00:00:00',7);
/*!40000 ALTER TABLE `keg_wash_history` ENABLE KEYS */;
UNLOCK TABLES;

--
-- Table structure for table `locations`
--

DROP TABLE IF EXISTS `locations`;
/*!40101 SET @saved_cs_client     = @@character_set_client */;
/*!50503 SET character_set_client = utf8mb4 */;
CREATE TABLE `locations` (
  `Id` int(11) NOT NULL AUTO_INCREMENT,
  `Name` varchar(50) NOT NULL,
  `Type` varchar(50) DEFAULT NULL,
  PRIMARY KEY (`Id`),
  UNIQUE KEY `Name` (`Name`)
) ENGINE=InnoDB AUTO_INCREMENT=12 DEFAULT CHARSET=latin1;
/*!40101 SET character_set_client = @saved_cs_client */;

--
-- Dumping data for table `locations`
--

LOCK TABLES `locations` WRITE;
/*!40000 ALTER TABLE `locations` DISABLE KEYS */;
INSERT INTO `locations` VALUES (1,'ONTAP','FULL-TAPROOM'),(2,'BACKUPTAP','FULL-TAPROOM'),(3,'COLDROOM-BMNT','FULL-STORE'),(4,'STORAGE-DIRTY','EMPTY-STORE'),(5,'STORAGE-RINSED','EMPTY-STORE'),(6,'STORAGE-WASHED','EMPTY-STORE'),(7,'STORAGE-BMNT','EMPTY-STORE'),(8,'CUSTOMER','FULL-SOLD'),(9,'QUARANTINE-BMNT','EMPTY-STORE'),(10,'UNKNOWN','UNKNOWN'),(11,'STORAGE/BREWERY','DEFAULT-EMPTY-STORE');
/*!40000 ALTER TABLE `locations` ENABLE KEYS */;
UNLOCK TABLES;

--
-- Table structure for table `takeout_options`
--

DROP TABLE IF EXISTS `takeout_options`;
/*!40101 SET @saved_cs_client     = @@character_set_client */;
/*!50503 SET character_set_client = utf8mb4 */;
CREATE TABLE `takeout_options` (
  `id` int(11) NOT NULL AUTO_INCREMENT,
  `name` varchar(50) NOT NULL,
  PRIMARY KEY (`id`),
  UNIQUE KEY `name` (`name`)
) ENGINE=InnoDB AUTO_INCREMENT=4 DEFAULT CHARSET=latin1;
/*!40101 SET character_set_client = @saved_cs_client */;

--
-- Dumping data for table `takeout_options`
--

LOCK TABLES `takeout_options` WRITE;
/*!40000 ALTER TABLE `takeout_options` DISABLE KEYS */;
INSERT INTO `takeout_options` VALUES (3,'22 oz bottles'),(1,'cans'),(2,'growlers');
/*!40000 ALTER TABLE `takeout_options` ENABLE KEYS */;
UNLOCK TABLES;

--
-- Table structure for table `migrations`
--

DROP TABLE IF EXISTS `migrations`;
/*!40101 SET @saved_cs_client     = @@character_set_client */;
/*!50503 SET character_set_client = utf8mb4 */;
CREATE TABLE `migrations` (
  `id` int(11) NOT NULL AUTO_INCREMENT,
  `name` varchar(255) NOT NULL,
  `run_on` datetime NOT NULL,
  PRIMARY KEY (`id`)
) ENGINE=InnoDB AUTO_INCREMENT=17 DEFAULT CHARSET=latin1;
/*!40101 SET character_set_client = @saved_cs_client */;

--
-- Dumping routines for database 'rwbbc_data'
--
/*!40103 SET TIME_ZONE=@OLD_TIME_ZONE */;

/*!40101 SET SQL_MODE=@OLD_SQL_MODE */;
/*!40014 SET FOREIGN_KEY_CHECKS=@OLD_FOREIGN_KEY_CHECKS */;
/*!40014 SET UNIQUE_CHECKS=@OLD_UNIQUE_CHECKS */;
/*!40101 SET CHARACTER_SET_CLIENT=@OLD_CHARACTER_SET_CLIENT */;
/*!40101 SET CHARACTER_SET_RESULTS=@OLD_CHARACTER_SET_RESULTS */;
/*!40101 SET COLLATION_CONNECTION=@OLD_COLLATION_CONNECTION */;
/*!40111 SET SQL_NOTES=@OLD_SQL_NOTES */;

-- Dump completed on 2021-10-06 23:14:08
